001.jpg,558.3882,1148.6512,-392.2535,569.18787,1128.1068,-360.41397,576.2714,1128.2592,-360.62473,584.10236,1128.6573,-360.73502,544.64,1128.3645,-360.40475,536.1317,1128.6315,-360.3479,528.3118,1129.574,-360.2959,593.14777,1137.6466,-154.54851,518.5364,1139.9417,-154.78268,572.2686,1173.1948,-312.96252,542.9812,1174.3744,-312.82156,632.9816,1266.5248,-37.087223,466.0015,1257.4493,4.2604647,684.1635,1385.2588,35.993492,429.26202,1389.2521,91.45565,796.048,1440.4854,-204.8831,323.7969,1445.075,-131.12433,826.4803,1456.3992,-260.84,294.98056,1470.3108,-186.77753,830.2886,1450.2255,-343.41196,292.5559,1465.6781,-275.1184,816.6925,1446.3589,-245.76831,301.245,1458.844,-176.95354,596.4939,1556.1816,-15.5314,494.73975,1556.5139,15.535084,604.10925,1771.2417,-64.79709,491.0708,1769.8094,-35.45877,605.88855,1959.6963,315.4026,513.0193,1952.4342,353.90063,596.668,1974.255,338.76517,530.0846,1965.9283,378.8449,603.63885,2058.9414,96.13927,497.01944,2057.7192,153.39777
002.jpg,564.6615,1152.3824,-485.15784,573.569,1134.7166,-454.1486,579.62866,1134.8839,-454.28757,586.887,1134.7723,-454.34488,551.08246,1133.8527,-456.12585,542.0835,1133.7152,-456.09097,533.7369,1134.1586,-456.0088,592.31396,1141.6545,-246.23723,519.53705,1142.732,-256.9667,573.81,1174.744,-405.2228,547.7006,1174.5643,-407.8114,635.3955,1270.5034,-112.70825,460.89508,1257.888,-94.70974,690.174,1394.8739,-27.556862,420.86145,1394.4031,-8.696749,806.5897,1448.6566,-281.7606,306.51172,1441.2316,-226.51683,843.8439,1462.5773,-341.46375,274.72455,1460.4192,-281.82767,850.30365,1454.2124,-428.3185,271.48456,1454.4137,-370.949,831.5998,1451.8104,-325.82983,282.25537,1449.3334,-272.2597,600.8525,1554.9354,-6.8984857,498.8983,1556.6768,6.88085,597.43304,1771.4508,-27.73649,499.41614,1767.5084,-5.8078046,588.58276,1960.9921,306.4613,517.3845,1961.7133,304.81622,580.476,1976.5315,324.31708,529.1557,1979.551,320.26395,590.7577,2060.5422,78.62367,501.61017,2059.598,77.73873
003.jpg,565.3048,1151.2764,-482.05478,574.80774,1132.4166,-450.1552,581.64703,1132.5302,-450.31073,588.9437,1132.6758,-450.38254,552.1656,1131.3534,-452.75598,543.37415,1131.1713,-452.72754,535.01685,1131.5306,-452.65097,595.1484,1137.9467,-233.4798,521.1603,1138.2887,-247.29175,575.6589,1175.7012,-398.44455,549.82825,1176.1188,-402.11578,636.26843,1274.3798,-87.90221,465.877,1260.4258,-80.448875,693.0363,1398.6105,10.944918,424.8876,1394.4379,-29.01767,812.3623,1448.2633,-215.91998,313.32486,1439.3346,-301.1762,848.4744,1463.4685,-270.68423,280.45966,1461.7579,-364.41623,855.0392,1454.3158,-358.30887,277.46036,1454.8795,-452.679,836.7962,1450.9868,-259.5066,289.1285,1448.4818,-347.76743,600.59064,1561.6937,-8.451566,500.31528,1561.9236,8.454416,597.09247,1776.4617,-2.8947506,505.61926,1771.0737,-0.35714856,588.0431,1968.9905,318.19678,522.93567,1969.0621,314.51804,581.68164,1984.6759,333.61252,532.96204,1987.9396,330.0909,587.5352,2067.8381,79.43916,508.80093,2068.2324,86.1079
004.jpg,572.66364,1142.01,-429.06073,581.6809,1123.3201,-394.2374,588.87164,1123.5443,-394.42133,596.6448,1124.103,-394.5045,558.2996,1122.3085,-396.84668,549.0292,1122.5148,-396.80618,540.9399,1122.7407,-396.72183,603.83185,1133.5466,-177.99054,527.99725,1133.3896,-192.45946,583.9172,1166.8875,-347.7326,556.65045,1167.2217,-351.2433,645.1613,1268.8091,-47.819355,470.93335,1258.9231,-42.291996,705.5127,1391.399,23.117088,435.2501,1394.8066,15.858858,827.28326,1432.5453,-235.94641,323.964,1439.0538,-232.94778,868.0711,1445.3518,-296.01535,289.41055,1461.7129,-291.77228,874.4173,1436.161,-381.4473,284.76782,1452.9388,-377.44934,854.56866,1432.3029,-279.92477,295.946,1446.253,-278.2403,609.19666,1563.075,4.003254,507.85394,1560.4196,-3.9617488,611.71,1779.0221,-25.469824,508.3695,1776.0424,-37.224464,591.12317,1974.5101,325.08063,519.32635,1966.245,296.44833,582.4989,1985.4974,344.7661,531.1584,1979.4507,314.93896,594.20184,2076.4346,98.57206,517.31915,2061.464,68.37913
005.jpg,574.86774,1161.0946,-565.9513,584.69446,1141.3615,-538.408,591.9608,1141.7566,-538.56866,599.32007,1142.2736,-538.66754,560.7329,1140.0798,-537.9068,552.30347,1140.229,-537.89636,544.69824,1140.975,-537.892,606.9762,1151.1885,-330.05334,533.0821,1151.0444,-329.35593,586.1742,1185.3381,-483.7533,558.9184,1185.6796,-483.46133,647.12463,1282.7949,-175.2125,478.77237,1266.2765,-145.52393,701.3616,1409.4124,-71.22281,438.17465,1405.4369,-38.775024,818.3119,1458.9807,-303.46268,328.80182,1460.0963,-246.04861,855.8417,1474.8707,-352.73428,296.40286,1482.6335,-295.1657,861.19763,1465.1107,-443.21393,292.94067,1478.0055,-386.21027,844.678,1462.1506,-346.26892,303.23914,1471.9174,-290.9979,615.3702,1564.3512,-10.094533,515.2159,1567.0082,10.002213,612.5867,1781.2268,-31.557795,509.34625,1786.9409,19.200487,605.5505,1980.2786,325.94272,533.06104,1974.8649,354.89914,597.24915,1995.2274,346.03085,548.1283,1989.8022,373.4299,603.0591,2087.4236,94.94742,516.1786,2080.0005,126.77029
006.jpg,579.1313,1146.8436,-554.8875,590.67566,1129.1621,-526.8329,597.7941,1130.2068,-526.9885,606.0493,1131.1647,-527.0905,566.2537,1126.3418,-526.5413,557.2238,1126.08,-526.52277,549.57227,1126.3175,-526.4786,614.61523,1139.9991,-322.11246,538.27484,1136.7013,-323.2503,591.18726,1172.2048,-475.02856,561.64874,1171.4984,-475.1368,652.25,1274.5574,-177.83786,481.71378,1258.1744,-144.41498,705.5175,1400.7036,-75.39818,444.98267,1397.8036,-27.56179,827.25055,1450.0372,-290.38882,333.65918,1452.8274,-205.2885,868.06647,1463.0532,-336.74548,299.38892,1474.5798,-248.21973,873.50226,1454.1117,-426.8449,295.00928,1469.3998,-341.64462,856.3192,1451.2881,-333.054,305.59946,1463.8304,-251.4217,612.2888,1556.3673,-7.7845407,511.0183,1555.1053,7.696404,612.4874,1775.4973,-31.667292,510.02982,1775.2039,18.762455,605.30194,1985.4619,279.37848,532.4089,1974.4178,348.38757,597.6477,1999.3647,294.34683,546.5507,1988.3221,365.72757,604.05524,2097.2964,37.243393,519.0693,2076.6772,119.85556
007.jpg,587.40027,1141.9874,-615.7696,595.9445,1124.1749,-586.30237,603.18915,1124.4135,-586.4579,610.3417,1124.7096,-586.55945,572.1256,1123.3231,-588.6562,562.808,1123.8226,-588.65234,554.7333,1124.8755,-588.62823,615.7118,1133.3563,-374.22888,541.15643,1135.7186,-386.2682,598.4298,1166.0671,-533.1544,570.2389,1167.102,-536.42505,658.0281,1272.9326,-224.56155,483.5515,1257.9918,-201.54103,704.0691,1401.6111,-123.91384,444.03232,1398.5284,-85.133026,818.126,1457.1332,-355.01248,333.3865,1468.8145,-274.9799,853.63196,1475.3656,-403.29904,300.17606,1492.5869,-320.4658,862.4132,1467.1986,-495.53598,295.82474,1487.6044,-415.86404,846.6157,1463.1539,-398.68152,307.10587,1481.1302,-321.66336,618.32886,1560.7545,-9.652541,518.18567,1559.969,9.47341,619.90283,1778.7411,-18.204,514.2009,1778.29,34.111507,607.6272,1973.9696,335.767,537.49896,1964.2515,400.097,604.0486,1984.1969,355.1901,552.9084,1975.464,422.06223,600.91815,2083.1138,103.61153,520.9475,2066.3645,186.43681
008.jpg,586.05237,1148.2274,-470.79623,595.9925,1128.8925,-440.16605,603.26105,1129.2179,-440.31885,611.3083,1129.7933,-440.4104,571.87823,1127.9369,-440.8802,562.59,1128.2057,-440.8465,554.737,1128.5723,-440.771,618.80237,1138.8547,-232.24857,541.6234,1139.468,-237.0538,598.28406,1172.8898,-390.58847,569.0961,1173.4014,-391.6547,659.0754,1273.6069,-94.43265,486.28302,1263.0312,-75.94486,708.5839,1406.4108,9.866111,443.40094,1398.4591,21.572378,830.2964,1457.0219,-210.56635,333.0086,1459.2885,-184.21623,866.95764,1469.3895,-262.28424,299.2391,1479.9495,-237.21825,875.17566,1458.8505,-352.39627,296.03778,1475.9055,-330.7712,859.40857,1456.8226,-254.54453,306.54834,1471.1123,-231.90498,620.9285,1567.5983,-4.286054,519.86053,1567.535,4.250815,621.0046,1787.7114,-40.00836,523.1832,1791.7153,-9.334114,606.8009,1984.2208,313.56235,544.7729,1980.5074,335.46722,601.6994,1995.7976,333.43515,553.98,1991.906,355.23242,603.3866,2095.248,78.169815,544.44086,2084.7102,112.76646
009.jpg,592.1409,1140.3583,-426.8865,602.52234,1121.3734,-393.93777,610.4326,1121.5023,-394.11874,617.2912,1121.6499,-394.22144,578.22705,1120.5903,-396.14377,568.80597,1120.9647,-396.11652,560.431,1121.353,-396.05252,626.372,1129.7477,-182.62038,547.36487,1131.6769,-195.9711,603.6525,1164.2576,-346.51865,575.9338,1165.4445,-349.96796,669.7162,1267.2716,-48.501972,494.71838,1256.0773,-45.61213,724.18207,1392.6708,39.085484,459.39764,1390.0715,21.1264,838.77985,1438.5059,-183.8948,349.627,1440.3192,-217.55508,877.35406,1454.036,-234.47517,313.87787,1463.4368,-273.29422,882.8799,1446.5178,-321.40253,309.78223,1457.0426,-361.69232,865.4251,1442.2356,-225.99155,320.35156,1450.4734,-263.48587,630.5152,1563.4182,7.3142767,529.99634,1559.6189,-7.349734,629.86127,1787.0741,-23.1862,533.9794,1784.6237,-39.143,617.6588,1978.4742,316.3264,546.5316,1976.752,284.56195,609.07104,1988.6802,334.76178,558.5096,1989.9393,301.98297,615.4572,2089.6858,91.3096,543.7527,2080.0754,57.550446
010.jpg,598.40295,1146.8971,-509.0733,607.4191,1126.8303,-476.21622,615.1324,1126.8779,-476.37534,622.0149,1126.9652,-476.44943,583.8365,1126.2839,-478.26083,574.26697,1126.463,-478.2324,565.69934,1126.5834,-478.1426,629.7896,1134.3057,-262.47385,551.8871,1135.2163,-274.057,609.5535,1170.9425,-427.50345,582.3928,1171.7542,-430.41907,672.88226,1274.0969,-136.01262,494.5356,1265.2396,-86.614174,731.5219,1399.562,-52.88821,449.47348,1401.7091,28.870077,849.00555,1444.7585,-302.12164,336.7747,1450.8425,-183.3804,887.46857,1458.8575,-359.48746,303.25085,1471.0752,-234.75653,892.9601,1449.8118,-448.32504,297.48755,1463.0135,-328.9163,877.1353,1445.8402,-345.84427,309.33484,1456.9827,-230.7933,636.94434,1563.8818,-17.76769,535.28986,1564.9902,17.693153,636.1251,1784.6342,-27.506313,537.54376,1783.0923,-1.8862655,625.2455,1982.5394,316.15573,560.43774,1973.6451,347.4051,621.6486,1994.8427,334.174,571.92847,1985.8826,367.5845,619.46014,2087.1902,78.25793,554.09796,2074.4436,133.65652
011.jpg,598.9043,1158.105,-510.3628,608.91266,1138.7755,-479.39044,615.9294,1138.7311,-479.5467,623.2626,1138.824,-479.63824,585.73016,1138.5664,-479.59158,576.4546,1138.748,-479.5708,568.1056,1139.3704,-479.49985,630.53546,1146.1454,-268.88437,554.93756,1148.141,-271.6891,609.5922,1180.7123,-429.53897,581.9244,1179.997,-429.9796,675.60846,1286.0935,-134.12044,498.05917,1268.5785,-101.87575,726.9107,1414.0912,-48.496044,453.71823,1407.5691,3.3555968,841.76074,1465.37,-289.06128,339.78497,1467.3698,-200.39857,881.1146,1477.1978,-344.3667,305.3489,1487.4006,-251.60652,887.17664,1468.9071,-434.6585,301.35568,1481.3298,-345.723,871.3242,1466.6445,-333.24814,312.37375,1476.5948,-248.08055,636.4424,1571.8131,-4.641712,534.4338,1572.047,4.56833,631.0993,1799.9183,-44.59417,529.3921,1800.9342,-29.967316,621.3713,1995.719,295.44537,553.5861,1984.6719,341.7933,615.89667,2009.0094,314.1828,564.5412,1997.838,364.77335,616.54865,2102.9382,59.673508,547.9177,2088.406,132.45699
012.jpg,613.49615,1154.3679,-522.6463,621.87885,1134.2704,-490.15408,629.39777,1134.191,-490.3447,636.9145,1134.261,-490.46225,597.81195,1134.3167,-491.7632,588.22894,1134.6792,-491.71802,579.6798,1135.0781,-491.66086,643.5396,1141.4436,-267.571,564.3681,1144.369,-276.46835,625.49695,1178.5804,-436.48737,597.2522,1179.8517,-438.79895,685.5494,1287.15,-123.05381,508.55432,1275.4174,-99.083336,727.7028,1425.1876,-8.498456,466.0002,1416.5287,9.3957205,845.877,1475.0499,-232.22606,347.8143,1475.9747,-204.64719,880.9145,1491.3942,-282.3687,312.04797,1496.8588,-258.14056,885.7801,1481.301,-376.56927,306.1192,1491.4199,-355.40292,874.06537,1476.9591,-276.96274,317.7315,1486.8883,-254.03267,641.85846,1595.5013,-8.926356,536.93475,1593.1213,8.863085,641.57404,1818.6075,-55.86922,524.74036,1825.5684,-36.37709,623.49554,2019.7803,355.1033,551.1486,2013.696,403.29636,617.8553,2030.0347,381.3106,565.9902,2022.4042,433.93103,617.78143,2128.5347,127.35409,543.72546,2123.148,202.32082
013.jpg,615.0945,1147.2375,-527.195,622.8821,1127.7349,-493.79364,630.4018,1128.4707,-493.9663,637.45605,1129.2797,-494.05844,600.398,1125.3823,-498.1053,590.5293,1125.2295,-498.07147,580.9875,1125.3634,-497.9995,642.142,1138.0228,-266.1658,563.398,1136.7756,-290.38733,624.32166,1172.8202,-439.7521,597.2808,1172.3405,-446.0907,682.24945,1277.696,-114.277084,503.19736,1266.2767,-116.17589,733.7185,1411.3799,-12.817427,459.9406,1409.7198,-12.165234,859.9216,1456.1703,-275.28152,339.62033,1469.7189,-222.4171,893.7882,1470.0103,-335.0119,300.96143,1490.5787,-275.04312,897.2416,1460.0048,-429.95364,295.9152,1484.2994,-371.38446,885.5145,1455.3708,-322.15353,308.55118,1479.0437,-270.62146,648.7889,1583.9612,12.521873,543.5113,1579.6028,-12.532778,649.9983,1815.1346,-29.292902,539.2369,1815.0453,-58.555973,628.9996,2024.8508,331.70343,552.7632,2017.6992,307.87115,618.16833,2035.118,352.51355,562.879,2026.3455,329.949,626.6599,2134.7551,99.21809,559.10425,2130.5974,78.339195
014.jpg,610.6088,1155.7323,-512.9381,619.74805,1136.9437,-481.78918,626.75684,1137.8755,-481.94495,634.2497,1138.6923,-482.0417,597.55505,1134.7263,-484.36768,588.16956,1134.6158,-484.31863,579.317,1134.7546,-484.22394,639.9587,1147.36,-266.04404,563.6817,1143.9066,-281.946,621.00336,1177.7946,-429.45605,592.761,1176.3878,-433.55865,681.4974,1294.8916,-133.55696,498.45163,1269.3323,-105.42844,726.8719,1428.4,-39.02732,455.13364,1418.4227,0.8653437,849.259,1479.1503,-283.3587,332.94046,1476.3998,-204.27242,883.54486,1489.1555,-340.60156,295.67648,1498.1393,-256.2309,885.7905,1478.6241,-435.61896,291.53195,1490.7474,-349.84357,876.13934,1476.2365,-329.33527,303.8679,1484.9752,-252.14236,641.09686,1588.0511,-1.1494752,536.30334,1583.5415,1.1424232,641.21655,1831.3424,-66.364334,527.84106,1834.1356,-47.7926,628.38403,2049.563,252.34828,551.25323,2045.551,295.78033,622.2818,2062.499,268.85733,564.8612,2057.7112,315.81918,625.73926,2160.3704,7.793425,544.42786,2158.0098,71.86845
015.jpg,610.6374,1144.5032,-479.20206,620.1855,1124.9761,-446.8004,627.9383,1125.368,-446.95908,636.1537,1126.0499,-447.03024,595.0182,1123.6885,-445.65585,584.8303,1124.0074,-445.60522,576.04333,1124.6329,-445.5052,642.99567,1135.6115,-235.4381,561.6945,1136.6718,-231.09145,622.4058,1169.8033,-398.50638,592.5208,1170.4564,-396.80212,683.6844,1280.1436,-113.51577,504.44684,1265.8341,-54.624226,731.0289,1417.159,-35.55798,457.41055,1407.8373,53.22369,854.22943,1468.4863,-293.94604,342.1892,1460.6273,-164.38661,888.26483,1478.6936,-355.3802,304.41702,1480.1567,-220.41862,894.84454,1468.1411,-447.67307,300.10672,1473.1337,-314.30823,881.73706,1466.2014,-339.98615,312.12778,1468.2804,-213.27158,640.79987,1580.4304,-18.163973,535.9684,1577.8932,18.102247,632.81915,1811.077,-55.439312,530.43115,1807.8088,-11.175132,618.4982,2017.6677,295.82034,557.57416,2005.6449,342.89673,613.96246,2029.6072,314.54697,567.2732,2019.098,363.36734,605.76294,2128.9497,41.12469,546.2797,2112.2234,117.387856
016.jpg,615.21454,1164.5823,-618.3032,621.7944,1144.8757,-586.89905,628.9544,1145.1724,-587.0721,636.29834,1145.5952,-587.1966,599.35516,1144.0378,-590.1502,590.31415,1144.5496,-590.1544,581.951,1145.2478,-590.1522,641.55,1154.8071,-355.0029,565.3794,1158.1738,-373.1394,626.21985,1188.9948,-527.5378,599.4902,1190.3358,-532.49945,689.24414,1299.359,-185.22528,508.01123,1288.899,-178.73067,732.1371,1438.7198,-76.705864,471.0791,1434.2223,-47.333893,852.5252,1493.2104,-335.26337,351.94907,1501.9663,-255.73314,886.5416,1510.2303,-390.00546,316.19965,1525.2709,-307.22928,889.0345,1500.8926,-487.91592,310.59418,1519.6653,-408.02594,879.14246,1496.5594,-381.59042,323.23813,1513.8474,-305.04294,651.3087,1606.475,4.276911,542.27545,1601.4645,-4.4591613,655.67847,1845.8914,-47.26645,539.07086,1849.7369,-50.275482,641.4084,2041.5481,345.30798,559.6936,2033.5913,385.40515,627.37354,2054.7317,369.34058,570.39575,2043.9254,415.1216,642.20526,2147.3635,116.78041,561.4006,2138.062,178.78197
017.jpg,616.71497,1146.7587,-497.01764,625.8165,1129.0018,-464.19418,632.95953,1129.2404,-464.3538,640.4628,1129.3196,-464.42075,601.52484,1128.3198,-467.30594,590.957,1128.7651,-467.25876,581.3694,1129.7518,-467.17752,645.8361,1137.1282,-246.75723,565.36005,1140.2247,-265.10126,627.67236,1171.3649,-413.66815,597.61975,1171.9818,-418.38535,688.1505,1281.8273,-117.50432,503.48022,1271.4004,-90.1225,731.40027,1423.5809,-24.782791,460.70767,1417.0072,17.975502,852.1707,1478.5295,-275.95322,338.00555,1469.196,-188.67728,886.3424,1488.0616,-333.18018,301.05017,1487.7714,-238.58662,888.923,1476.9375,-428.15427,293.9179,1480.2289,-337.0991,879.97003,1475.1666,-322.08838,307.6607,1475.306,-238.06216,653.63763,1594.0889,-3.9338737,546.2488,1591.1998,3.8565385,651.51447,1834.1158,-42.00898,547.153,1830.4785,-36.627865,637.08405,2037.2471,277.969,554.90063,2029.7482,325.91904,626.93463,2048.0354,293.851,568.47797,2041.5004,347.41858,637.5991,2148.1494,40.78355,540.93805,2136.5127,114.97549
018.jpg,613.1443,1153.996,-390.88986,625.0678,1134.8112,-362.90012,631.7483,1135.6603,-363.05667,639.99927,1136.5568,-363.08945,600.43524,1133.5409,-361.8547,590.70184,1133.6711,-361.7631,582.03687,1134.1115,-361.6692,648.63354,1145.9067,-169.74986,567.7999,1144.3867,-168.70013,626.7078,1176.6039,-316.0089,594.8755,1175.0667,-314.9432,692.93304,1287.8707,-75.55413,507.3288,1271.8948,-9.152127,731.2739,1427.2249,-3.4261415,462.54352,1416.8351,96.795586,848.73914,1473.2902,-248.54314,343.96826,1469.4596,-86.662834,884.84235,1486.904,-307.2213,303.52377,1488.8378,-132.45671,888.0687,1474.9156,-391.8864,298.31702,1481.4738,-217.48624,877.2453,1471.2892,-290.775,311.22003,1475.8551,-131.18837,652.3367,1604.6624,-13.443576,544.4733,1599.3815,13.336121,655.44696,1838.5267,-53.90699,536.43695,1842.7883,-7.876519,639.3688,2048.7556,312.30164,547.2065,2039.4214,327.55115,629.71594,2060.7144,335.77426,561.44836,2052.3892,348.29926,635.6943,2159.6846,92.867165,543.7289,2149.1458,112.32036
019.jpg,615.91095,1145.3289,-518.0716,626.65784,1127.3739,-484.13425,634.05554,1128.3348,-484.29456,642.215,1129.2112,-484.3779,601.68787,1124.8572,-485.99643,591.534,1124.931,-485.93344,582.3575,1125.5189,-485.80994,649.03406,1138.3251,-262.4023,566.9732,1137.5887,-274.70187,628.0616,1172.119,-433.66568,595.8141,1172.0491,-436.63388,689.371,1284.2184,-128.91673,504.46408,1272.9583,-93.69973,742.5407,1425.5885,-41.864635,459.62415,1416.7032,15.6503725,873.0154,1473.4489,-305.2637,335.7983,1470.153,-202.88394,904.91516,1480.7987,-367.6504,299.92563,1490.4218,-258.7005,908.8613,1471.4382,-463.8379,294.30518,1482.1172,-356.56317,898.4577,1469.963,-352.85025,305.77298,1476.3854,-253.18608,653.1472,1590.2245,-4.7040615,542.5599,1586.5002,4.6739993,641.2831,1828.2802,-15.345053,545.94354,1828.3822,-17.537323,630.8871,2039.6526,302.18835,562.76984,2033.0463,312.81506,624.6452,2055.0806,317.07104,573.39355,2045.2635,330.65778,627.7786,2156.3682,46.582985,564.2725,2146.6272,81.51274
020.jpg,615.47754,1152.5275,-659.03314,624.2104,1133.158,-627.56067,631.9593,1133.394,-627.7355,638.4524,1133.7468,-627.8767,600.7064,1132.5555,-631.47266,590.1609,1132.851,-631.4715,580.3329,1133.4739,-631.4323,643.65607,1142.7802,-392.0288,562.55817,1143.811,-411.5022,626.211,1176.4097,-566.471,597.0589,1175.7578,-571.9255,686.69727,1286.8127,-219.36313,498.67133,1277.0804,-203.84866,730.40875,1433.9479,-81.1038,457.8215,1428.65,-58.68727,854.8759,1493.64,-301.69632,341.86255,1507.7539,-263.14246,885.93567,1509.441,-349.5287,308.8513,1531.4012,-312.07053,891.7389,1500.6176,-452.1346,304.53674,1526.0378,-418.79907,881.0758,1496.0026,-348.6005,314.99905,1519.7207,-314.42035,646.9102,1609.9222,-4.08961,536.5885,1608.1606,3.885792,641.5549,1852.3514,-45.82345,533.4902,1855.904,-28.594112,621.7803,2051.6714,386.09146,550.9574,2044.3226,432.73505,614.592,2060.3281,413.59882,561.6755,2050.8433,465.6338,610.91315,2163.963,153.5326,548.75745,2162.2678,229.50555
021.jpg,615.7232,1112.2113,-502.79745,613.03485,1092.8595,-463.2673,615.8379,1092.2262,-463.3503,618.506,1091.3915,-463.43472,597.66943,1093.0742,-498.6525,589.3922,1092.7665,-498.64273,578.5318,1092.0856,-498.61014,604.6555,1096.9568,-209.12236,548.8621,1099.5618,-377.20047,617.84827,1132.4885,-401.8495,602.2858,1134.1495,-450.1686,628.4435,1223.5126,26.784416,480.02032,1223.4321,-260.73322,650.1028,1347.4827,332.91336,432.7747,1360.0059,-148.41512,745.07275,1393.9568,287.21005,322.39624,1445.5836,-220.54976,765.09467,1408.1523,280.03625,294.3415,1470.2795,-257.8312,769.3532,1403.096,194.94455,291.50555,1467.1364,-336.5236,761.1005,1398.8362,250.84418,303.07227,1460.4285,-254.53603,619.1012,1526.3187,99.0741,523.62897,1527.0671,-99.396576,603.0508,1737.5587,141.52463,515.6149,1741.3171,-28.509363,582.8889,1899.8457,665.80493,501.66412,1914.5448,475.09818,558.96967,1911.123,709.09686,502.64993,1926.9834,516.128,610.638,1997.3151,539.34607,513.23676,2019.7961,298.2956
022.jpg,638.8977,1096.6354,-488.50186,635.818,1076.9917,-449.3491,638.39734,1076.4197,-449.48962,641.03613,1075.6624,-449.57687,621.311,1077.4789,-482.737,613.57794,1077.4703,-482.72125,603.4621,1077.5262,-482.65976,627.41364,1082.4912,-200.82945,572.4645,1087.3328,-358.99225,643.0258,1118.2106,-391.38437,626.7618,1120.1737,-436.71298,658.24774,1215.953,9.158031,500.44455,1218.9816,-231.37508,683.99884,1340.6007,271.37476,452.314,1359.5798,-122.29733,786.93506,1386.8834,165.9933,338.9434,1426.9219,-228.61845,807.4966,1400.5729,141.6875,307.1281,1450.8683,-270.09564,813.2578,1393.7377,54.787766,302.81287,1444.8799,-360.22607,805.3588,1390.3635,126.77759,315.59238,1438.4543,-268.45996,635.3394,1521.8351,86.84054,534.8931,1521.6583,-87.01726,623.647,1728.0768,87.47878,536.39197,1734.4725,-64.46794,607.4289,1905.1534,580.68097,529.62585,1914.4067,450.46613,591.0189,1920.4731,618.5422,531.75415,1927.4597,491.1765,630.97406,2013.3157,426.17975,544.2042,2015.8778,270.2663
023.jpg,654.1574,1093.429,-382.225,651.1033,1072.7264,-340.10672,653.8446,1072.5491,-340.27383,656.3773,1072.2693,-340.39755,636.15375,1072.5061,-373.1425,627.26074,1072.2145,-373.04224,616.687,1072.252,-372.9286,641.6902,1080.4805,-82.22356,585.06085,1082.0048,-238.03833,657.68976,1115.3181,-282.07016,640.97296,1116.563,-326.32605,669.6114,1214.4023,106.98564,514.51025,1209.6393,-110.28477,693.98254,1345.1947,293.06714,473.79675,1353.5217,-26.388847,805.00055,1395.211,85.89672,369.7634,1437.6204,-196.40588,826.75073,1410.127,33.732456,337.4569,1465.9531,-253.97084,833.0432,1400.2535,-62.838066,333.83716,1462.4912,-343.06012,823.1047,1396.2819,38.574467,345.41,1454.1493,-238.19109,654.04254,1518.9668,79.27246,553.6497,1519.0403,-79.1295,644.05005,1744.1031,29.487822,554.0478,1743.4341,-125.88709,620.5613,1921.353,501.11465,550.53674,1926.058,341.5917,602.9446,1930.5083,535.318,552.536,1938.4282,375.70157,637.5331,2029.4832,328.26675,564.77954,2036.2009,141.8929
024.jpg,647.5731,1086.3127,-383.7023,646.9794,1067.0995,-345.09644,650.8182,1067.1008,-345.27423,654.24207,1066.6815,-345.4031,631.07245,1066.9572,-375.12698,622.3558,1066.7128,-375.05933,611.72656,1067.0969,-374.98746,644.263,1074.1182,-106.46213,582.91504,1077.4077,-248.00072,652.0736,1108.1309,-290.8505,634.30115,1110.3058,-331.03336,672.97034,1212.0143,71.73405,513.6151,1206.4785,-141.62782,691.9733,1345.0477,255.89778,467.99725,1351.0356,-71.90729,801.0436,1389.9995,70.4778,363.52185,1431.406,-218.61543,828.01685,1401.0657,25.07922,329.79318,1459.6113,-271.06445,836.30566,1390.8585,-68.20064,326.88217,1456.097,-352.9107,824.0638,1388.3359,24.852156,338.72037,1448.2434,-257.78198,652.4506,1514.4619,78.24629,550.97955,1515.783,-78.150024,648.58966,1734.871,60.650814,556.29987,1740.2451,-75.01011,631.4724,1911.7657,519.95685,549.15753,1929.1974,338.141,609.16504,1919.1112,554.0515,547.32733,1942.1106,366.49475,650.7628,2020.8928,356.50262,552.75684,2037.2236,120.57959
025.jpg,646.52106,1093.6655,-530.16046,644.2306,1074.8118,-491.00345,646.8805,1074.5614,-491.09586,649.41364,1074.2397,-491.1286,629.84064,1074.7765,-526.4131,621.8801,1074.8401,-526.4015,611.5029,1074.4117,-526.3806,635.3958,1081.9773,-234.90758,578.8802,1083.4307,-402.84314,650.45026,1117.0046,-429.88208,634.2417,1117.1124,-477.6629,660.6328,1211.2885,-18.720915,509.83154,1211.1283,-303.10953,683.9298,1344.8214,170.97673,462.6219,1356.4916,-258.69974,786.43945,1399.5303,-23.653908,359.4626,1445.8705,-399.37695,807.1957,1417.4734,-64.53907,328.95593,1474.2714,-454.0535,814.019,1409.9594,-156.46951,326.4793,1471.4783,-531.60126,803.7517,1404.3232,-68.58274,338.35294,1463.4613,-435.3337,645.2235,1519.2446,106.13245,552.18787,1519.0917,-106.2888,634.8562,1726.0598,178.88852,540.2592,1728.8558,-19.420017,610.5524,1909.4806,594.2393,528.0362,1922.5223,377.90634,590.4316,1919.7762,623.33136,526.5656,1934.1173,404.6283,639.69855,2015.2236,433.2927,543.40125,2030.9498,163.23889
026.jpg,650.7657,1089.3013,-494.78888,647.97986,1069.3364,-455.51935,651.0043,1069.1794,-455.63748,653.5947,1068.8994,-455.6978,633.08594,1069.1199,-491.93784,624.8318,1069.1654,-491.92807,614.9517,1069.4749,-491.90338,639.91125,1077.5923,-201.44118,583.03406,1080.8679,-372.30692,654.50073,1110.8125,-395.24854,638.5154,1112.8384,-444.0195,664.6656,1214.3822,11.182956,511.77856,1210.1915,-261.88773,684.0534,1347.4456,214.30705,465.0113,1354.2401,-202.6984,791.96326,1402.4241,26.153257,366.39853,1442.7175,-356.68896,813.65936,1416.325,-13.547476,335.48956,1472.0724,-411.43115,819.7755,1408.448,-111.09565,332.92575,1469.3542,-492.21313,810.64014,1404.5995,-20.75657,346.32916,1460.172,-393.81964,644.739,1514.8915,90.77736,548.8945,1514.9408,-90.81571,638.51276,1728.6759,78.603905,541.3415,1737.2603,-68.47972,618.7162,1911.7477,484.6272,538.14545,1922.8483,339.77615,598.9191,1923.1296,510.93488,538.9789,1933.914,365.82495,640.6447,2020.7517,296.29926,544.738,2030.2983,114.75445
027.jpg,648.658,1088.6969,-422.06955,645.3426,1068.9532,-380.68158,648.4805,1068.6472,-380.83438,651.1035,1068.2969,-380.9596,630.67773,1069.7756,-416.6399,621.54443,1070.0522,-416.5912,611.20953,1070.4738,-416.52872,637.0857,1077.5326,-128.03035,579.1506,1081.3926,-296.63867,652.4853,1111.4854,-324.15735,635.2411,1114.1581,-372.31924,661.4805,1211.7374,75.29984,510.15198,1210.276,-193.7508,672.6523,1349.8105,321.26212,461.87564,1356.6876,-127.54898,781.29565,1398.8802,203.91429,365.66418,1443.2687,-261.58737,803.0447,1413.1726,175.47879,336.38376,1470.2181,-314.3996,810.4571,1404.3136,78.59096,333.03778,1466.424,-393.85245,801.0011,1400.2493,159.09433,344.16693,1459.3243,-298.51834,641.8617,1526.0862,87.68851,541.2626,1525.1296,-87.70969,633.1626,1739.1989,81.55233,543.8984,1747.8815,-81.16231,617.91595,1913.1104,572.2082,534.1924,1929.2196,399.55508,598.3179,1927.53,608.79913,535.7035,1944.329,434.40875,633.4144,2019.5964,407.82614,535.7333,2034.1239,195.56491
028.jpg,640.2029,1086.9955,-399.96387,637.4581,1067.212,-358.62308,640.0578,1067.0536,-358.792,642.5266,1066.8259,-358.8805,623.19666,1067.0327,-393.42218,615.30426,1066.8805,-393.38672,605.33405,1067.0472,-393.3392,627.16943,1075.3167,-106.2038,573.1777,1078.1052,-269.23474,643.285,1108.6102,-302.07553,627.40906,1109.8661,-348.49237,657.1301,1205.6964,73.073326,500.2277,1206.6647,-143.23657,672.49084,1340.2904,229.4024,454.33347,1352.0322,-68.98097,770.0828,1383.3798,-17.504807,346.3223,1427.1018,-240.97406,795.3777,1396.3883,-74.867905,313.7231,1453.3821,-297.631,800.48596,1389.4508,-167.27226,308.97855,1449.1334,-386.38116,790.2757,1385.6448,-64.64534,320.6433,1441.5306,-282.3015,639.7541,1506.8578,73.24614,540.7091,1506.2979,-73.16335,629.9412,1726.2498,25.58147,537.00287,1723.3729,-113.194374,607.0617,1904.5632,468.6307,532.1256,1911.4532,328.0647,592.167,1916.8251,499.51526,533.33044,1924.0217,358.5613,621.4751,2015.169,284.94556,540.58453,2024.1193,118.043785
029.jpg,640.97565,1091.9458,-562.65485,636.5978,1072.0948,-521.62646,638.8688,1071.7743,-521.7122,640.9292,1071.4111,-521.74615,622.2868,1071.4093,-560.1644,614.35547,1070.9214,-560.1786,604.73016,1070.1301,-560.19775,623.51416,1079.1301,-255.95558,572.0558,1080.1512,-437.03156,643.3918,1113.0747,-458.21484,627.83527,1114.4701,-509.8857,653.43256,1210.9912,-25.56427,502.50812,1210.6881,-326.88818,669.608,1347.8826,165.88945,452.4989,1358.6548,-277.4003,773.3765,1400.6558,-40.670166,351.2159,1451.9048,-413.1797,793.5326,1414.5272,-79.906,319.6304,1478.7852,-464.97354,800.63904,1407.751,-175.2714,316.18875,1475.8572,-542.95825,791.8399,1403.9624,-87.40461,328.32614,1468.1364,-448.5374,639.5247,1509.5518,104.23598,544.27716,1509.7627,-104.35293,638.7615,1727.9025,117.31867,545.1466,1729.3726,-67.64752,613.69653,1915.0295,484.71854,536.6886,1930.7161,283.99524,594.21295,1927.6874,507.0541,537.5421,1942.5659,303.8649,637.27405,2027.1261,294.12552,551.21783,2042.7488,43.729073
030.jpg,640.3658,1096.7804,-526.5142,637.7093,1076.781,-483.81876,640.2699,1076.1967,-483.93658,642.4717,1075.585,-484.00293,623.6543,1077.3461,-520.0649,615.4358,1077.4547,-520.06274,604.953,1077.0896,-520.0581,626.40063,1082.7745,-219.60574,571.527,1085.4265,-388.671,643.3955,1119.7131,-423.75052,627.48486,1119.3582,-472.00827,651.0657,1215.2375,-8.064149,499.91476,1214.676,-280.24176,670.6781,1353.3508,126.80325,444.62787,1358.8097,-206.29208,775.4493,1398.8708,-142.13388,339.90045,1445.3112,-315.43463,796.729,1413.4966,-194.07355,307.62335,1469.3296,-362.735,802.3443,1405.8572,-286.07565,303.33615,1466.5483,-446.17325,793.0211,1401.6481,-189.42087,315.46155,1459.9496,-352.56857,637.92053,1528.3885,101.835335,539.71155,1527.3167,-101.96899,633.9368,1739.5819,114.862495,537.43097,1746.9048,-69.94113,614.1358,1927.1512,549.0896,528.6424,1947.3351,325.5156,590.72656,1938.3528,579.43787,525.4724,1962.7349,351.17178,633.211,2037.5659,377.58298,537.4741,2056.1028,97.97789
031.jpg,646.0165,1097.807,-373.3508,643.7196,1078.073,-338.4903,645.9289,1077.814,-338.63004,647.849,1077.4948,-338.72235,629.8119,1078.0326,-374.46027,621.7392,1077.8257,-374.42236,611.161,1077.2855,-374.3944,630.1212,1083.9476,-115.25651,575.4095,1083.7506,-283.40665,647.1636,1120.9939,-285.24075,632.01624,1120.3768,-333.1809,654.3536,1215.0312,31.542206,497.56982,1209.7797,-180.62201,675.5297,1348.51,158.17363,443.98215,1357.8624,-121.29822,777.13293,1397.8306,-65.84514,335.94962,1440.5242,-247.03351,802.4573,1411.0448,-116.21063,304.65573,1465.2588,-294.68707,808.4294,1403.7574,-201.95607,301.8391,1460.7755,-374.3327,797.98926,1400.206,-109.832115,313.6438,1453.724,-284.33377,640.211,1519.6287,67.79097,539.399,1519.4767,-67.8218,633.8465,1736.0437,45.792873,534.00183,1742.4972,-73.53529,623.1241,1924.2491,477.55676,526.5579,1935.6047,347.42255,602.7847,1936.9968,509.28632,529.09906,1949.1494,376.58804,638.3634,2029.2125,316.02728,527.318,2041.5692,150.13306
032.jpg,642.5065,1101.1583,-479.8215,637.18805,1081.7285,-439.96255,639.0543,1081.4626,-440.07352,640.749,1081.1067,-440.1368,623.92645,1081.3894,-478.67566,616.8441,1081.179,-478.64478,607.9322,1080.6133,-478.6675,623.29016,1089.5753,-193.92258,574.82544,1091.0977,-375.34415,645.30457,1122.4188,-383.44577,630.8078,1123.7761,-435.30988,655.33636,1223.0262,0.11255586,502.03476,1218.2845,-288.0371,673.86237,1358.7761,169.87119,456.26746,1367.992,-247.90726,783.6103,1409.565,-33.50867,362.66684,1463.5288,-379.0109,808.5204,1426.5992,-76.32369,333.5848,1489.9897,-431.7784,813.4458,1419.191,-168.1507,329.59598,1486.8684,-505.96692,803.90576,1413.6874,-78.85743,341.8294,1480.0922,-413.24698,636.49976,1523.781,100.10364,539.8467,1525.7119,-100.28367,636.76715,1730.5548,107.868576,538.90247,1743.4977,-43.04419,615.30383,1924.497,501.75287,527.1434,1939.8225,341.83072,596.14923,1936.1647,528.4584,527.1642,1950.8397,366.51086,644.2294,2030.1536,327.06244,546.5474,2044.6754,122.96827
033.jpg,641.0114,1097.0071,-356.2377,640.1156,1078.2368,-322.63687,642.98956,1078.053,-322.77866,645.95807,1077.6399,-322.84927,624.2594,1077.764,-355.35825,615.7384,1077.213,-355.3201,604.645,1076.24,-355.27258,632.0919,1084.5051,-102.00848,573.58527,1083.6075,-257.6069,644.602,1120.4138,-268.8823,627.4181,1120.4758,-313.00745,657.3877,1213.0406,54.166714,503.92337,1208.0231,-158.98543,677.809,1348.5756,199.1649,452.7141,1354.9121,-91.76785,782.4588,1394.7765,1.8997138,343.15344,1432.9733,-203.93166,806.99097,1408.1792,-41.19438,310.37097,1455.199,-245.10387,813.81006,1399.4321,-128.4177,306.12244,1451.6418,-321.24747,803.9209,1395.6617,-41.357265,316.7139,1446.1908,-239.38467,646.5897,1513.0868,84.49087,547.0414,1513.3932,-84.55522,638.9217,1732.6141,81.54877,541.165,1740.9209,-81.344765,617.9182,1921.013,435.97244,532.2266,1934.0654,258.33987,598.45874,1934.7284,460.14636,533.3975,1947.0304,279.66122,644.6019,2028.7845,277.13467,545.62396,2038.0275,51.50572
034.jpg,644.063,1094.302,-421.54135,639.894,1074.5504,-387.22928,642.13074,1074.2339,-387.35703,643.9385,1073.883,-387.41092,626.99854,1075.0803,-419.21313,619.072,1074.9688,-419.20306,609.8514,1075.2861,-419.17523,627.9142,1082.3275,-162.85913,576.6096,1085.6384,-314.6042,646.2826,1115.9082,-333.3455,631.71765,1117.5651,-376.38803,663.34326,1214.1875,1.2999732,507.781,1212.1929,-206.01021,688.372,1347.6136,129.0601,456.05966,1353.8019,-132.14978,799.5862,1394.5851,-103.44261,345.17798,1427.7887,-249.85129,826.55096,1405.4164,-150.19514,310.2072,1447.6957,-291.643,836.1792,1396.1193,-241.43355,306.08554,1445.2014,-365.16663,823.5437,1394.167,-149.32666,318.42856,1440.4706,-284.46948,645.3145,1504.9755,78.896835,549.46277,1505.2587,-78.960945,637.6403,1725.8589,68.719986,542.6379,1728.0759,-87.436165,612.3936,1913.0854,388.76706,535.5992,1926.3815,210.13557,594.04425,1926.5526,408.33844,537.84094,1941.8818,225.93797,628.9233,2024.2623,204.90071,542.3864,2035.0177,-22.120975
035.jpg,648.0855,1090.8336,-485.51944,643.3019,1070.8953,-447.23148,645.8982,1070.6636,-447.3923,648.22925,1070.347,-447.46835,629.5154,1071.3066,-477.6074,621.2943,1071.4008,-477.59332,611.53064,1071.9666,-477.58954,633.2241,1079.3989,-203.99252,579.7365,1084.2194,-347.10507,652.3916,1112.6401,-390.99426,636.4012,1114.2358,-431.58688,667.4935,1216.39,-18.28839,515.33514,1208.0748,-235.52983,694.3692,1349.6266,116.17056,460.5979,1351.1548,-176.12793,812.7657,1394.037,-131.78883,348.40726,1426.5419,-328.77036,840.12555,1405.2557,-182.05518,313.17532,1450.2596,-379.41904,849.234,1395.0157,-277.06497,309.94836,1447.8987,-463.5646,837.68353,1392.9064,-179.50922,321.2548,1441.941,-368.85202,650.5683,1512.7527,86.075935,553.532,1511.9424,-86.14779,645.54254,1733.5608,88.40211,547.9625,1739.2861,-86.12658,622.4995,1918.2003,471.0294,543.2921,1928.2937,301.66858,603.66235,1928.6752,495.29578,543.9707,1941.2501,326.57593,637.0299,2029.8335,284.39886,555.8675,2036.7592,82.09732
036.jpg,641.31635,1091.721,-378.9588,638.2277,1071.178,-341.02533,640.94556,1070.8977,-341.1862,643.4619,1070.5347,-341.282,623.8417,1071.4113,-375.0007,615.65704,1071.2529,-374.9789,605.99994,1071.4889,-374.9579,628.62695,1078.9689,-103.47552,573.72345,1081.9269,-262.74725,644.583,1113.3365,-285.88675,629.0236,1114.5887,-331.15375,661.04596,1212.8016,71.81272,506.0841,1209.7501,-163.18237,686.3435,1347.6138,220.6342,460.16537,1355.831,-108.033966,794.6206,1401.863,-1.1008114,355.3798,1431.6794,-256.38266,819.6041,1416.3804,-49.255627,320.0741,1452.9165,-308.84485,826.42944,1407.6611,-141.38788,314.72345,1449.4684,-387.53485,816.5482,1404.2228,-47.196125,327.4622,1443.7673,-293.68124,648.43774,1515.2155,86.02625,552.5549,1515.2166,-86.02849,641.82776,1738.5549,59.371033,545.3364,1739.5061,-94.74207,615.46234,1918.9713,453.37903,542.89124,1934.5599,270.23495,596.9361,1930.0476,480.0801,543.4983,1948.5436,292.8311,631.9424,2030.6349,278.43094,557.01373,2042.7017,46.015694
037.jpg,641.93866,1094.3658,-440.19574,638.4377,1076.098,-404.46017,640.89246,1075.5798,-404.59503,642.97174,1074.9652,-404.65482,624.3024,1076.9199,-436.87946,616.0824,1077.4869,-436.86255,605.86707,1077.5458,-436.85156,626.8464,1082.6985,-174.84277,572.2333,1086.1611,-327.63705,645.3619,1117.4459,-350.77533,628.9603,1118.3994,-393.99454,660.122,1216.9009,-1.2449882,502.27048,1213.8826,-236.23438,684.56836,1353.0852,142.21701,454.5721,1359.1117,-188.70566,797.43976,1397.499,-75.129295,347.4074,1437.3635,-317.72006,825.7735,1408.308,-121.878365,314.5438,1462.7277,-365.10364,835.3129,1398.7104,-213.00793,310.99457,1457.332,-443.8099,822.5172,1396.7834,-121.286285,323.60327,1450.9426,-354.7878,642.92236,1520.0891,86.56466,544.31494,1518.1106,-86.624214,630.41425,1731.019,133.08263,537.34985,1735.7421,-38.20056,606.605,1916.0034,504.43835,530.7239,1927.1343,310.51926,587.05676,1928.8599,528.6204,530.0667,1943.9458,331.71332,628.2655,2018.7887,331.1599,537.52856,2034.1754,90.04294
038.jpg,648.24316,1090.6632,-374.97574,645.2175,1072.1562,-340.34305,647.7796,1071.9554,-340.49762,650.0038,1071.6191,-340.5672,630.80634,1072.679,-369.3057,621.9415,1072.7917,-369.27756,611.1815,1072.865,-369.2537,635.3429,1080.2843,-119.248566,577.8971,1082.5537,-255.98718,651.8947,1113.5096,-288.39777,634.71204,1115.3386,-327.1223,666.30615,1210.4795,18.796011,507.01367,1207.3832,-136.00159,689.13916,1347.9755,121.48843,456.4905,1355.5261,-61.029434,795.7576,1395.9423,-137.59938,350.1304,1438.0692,-200.50958,821.63586,1407.6936,-194.4775,316.47083,1457.6638,-246.08073,829.05927,1397.941,-282.16376,311.1819,1453.5975,-324.45886,817.7627,1395.4988,-182.4584,323.73618,1448.4835,-237.63905,646.75824,1512.028,57.281357,548.32715,1511.6389,-57.29728,635.94977,1730.6185,25.858479,543.3057,1733.2388,-80.90162,613.1536,1914.2863,395.27264,537.0985,1925.8993,277.7169,596.0242,1924.4564,419.96683,538.62366,1938.062,299.749,624.4365,2028.5585,212.98692,544.76624,2036.901,62.889153
039.jpg,660.4184,1092.5455,-436.68307,657.2484,1071.8484,-398.81866,660.1676,1071.7549,-398.9555,662.84973,1071.537,-399.01874,641.8717,1071.4735,-432.17514,633.11005,1071.319,-432.1476,622.7491,1071.5513,-432.12085,647.2611,1080.2006,-155.7222,590.78217,1082.2188,-313.9064,664.27057,1115.1945,-341.54086,647.3622,1115.9077,-386.52362,674.48553,1217.9855,29.367357,522.05505,1210.0106,-201.86877,691.9588,1355.6008,205.88123,467.56384,1356.0955,-144.58884,804.73553,1408.1035,7.7686467,357.38983,1442.1772,-295.0091,830.38873,1420.58,-33.946796,323.45477,1466.6556,-345.67047,839.827,1410.4313,-130.6055,319.63287,1463.4886,-426.8956,828.3669,1407.6903,-39.12869,331.513,1457.4844,-333.24118,659.043,1521.9993,80.9202,560.6825,1521.5382,-80.949524,652.5717,1745.2555,77.942116,555.46045,1749.2142,-75.59704,632.19446,1933.344,471.8714,549.9067,1946.761,297.20013,616.042,1945.7402,497.5542,552.33453,1959.183,320.0563,647.0006,2045.0944,286.08542,558.6171,2058.5247,66.55916
040.jpg,660.4563,1090.3282,-322.78073,659.5331,1071.1498,-289.25366,662.39154,1071.1174,-289.39517,665.2873,1070.8755,-289.49097,643.3944,1070.302,-319.63528,634.6653,1069.7234,-319.57776,623.5225,1068.8672,-319.47037,650.3435,1078.3981,-73.450874,590.64545,1077.0178,-218.01848,663.80347,1114.3945,-237.4432,646.08105,1114.4247,-278.39706,679.2501,1211.0466,55.416225,514.4654,1204.7856,-98.10112,702.63074,1348.1749,171.34412,465.25363,1353.6587,-7.5003815,814.8638,1399.5597,-44.87085,352.67215,1433.3513,-112.25905,842.77454,1409.494,-93.85999,317.55267,1457.1448,-149.4773,850.4978,1400.1711,-178.92293,313.5918,1453.5881,-230.27548,838.9009,1398.6229,-87.812225,326.056,1447.871,-150.00446,662.5077,1514.744,55.309128,558.9678,1514.6477,-55.308407,657.98596,1740.664,24.07987,555.1497,1743.4897,-79.40641,645.48804,1935.6785,410.33618,548.4514,1941.7478,297.46643,623.10944,1950.819,438.0295,552.0431,1956.0402,322.17392,658.733,2046.2266,246.42152,554.7029,2056.367,97.368004
041.jpg,628.3981,1164.025,-681.2271,621.5219,1140.9911,-629.96564,623.19073,1140.6792,-629.9914,624.65393,1140.307,-630.00433,608.8031,1142.2482,-672.2651,600.61975,1143.4149,-672.2835,590.4264,1145.08,-672.3093,603.2161,1148.866,-319.1593,554.66705,1157.961,-519.5892,628.2873,1186.9755,-561.75775,614.54407,1187.2485,-618.62885,624.8314,1284.78,-24.194424,481.5258,1291.1025,-446.5323,618.8456,1424.8829,290.64722,413.84146,1443.5787,-441.76883,699.44745,1456.4413,227.20512,296.72073,1531.0312,-526.1789,734.8563,1466.5814,220.93854,263.60782,1559.212,-573.9657,750.278,1457.3126,130.78035,262.10632,1554.8976,-648.61505,730.6645,1455.574,185.79112,276.2267,1545.0093,-560.0656,607.745,1621.8267,156.70894,515.40265,1623.8264,-156.91129,596.8763,1826.0635,420.79453,504.13953,1848.1432,56.08458,569.1277,2008.8827,810.868,487.93253,2047.5951,444.49777,541.2171,2025.3984,839.7798,480.5323,2064.5334,472.31253,609.2527,2105.66,680.1899,518.0313,2151.749,235.41084
042.jpg,644.8458,1159.2897,-513.4398,639.4153,1138.4939,-467.65503,641.0436,1138.4712,-467.71158,642.4201,1138.2576,-467.75003,627.35394,1138.0128,-510.22318,620.1266,1137.6855,-510.20374,611.2342,1137.3624,-510.22464,621.0386,1146.2217,-197.76218,575.9737,1148.466,-396.66666,644.03186,1181.7947,-410.01807,630.3498,1183.1754,-466.68478,644.6412,1291.5059,53.252716,497.97134,1284.5664,-359.29187,632.76373,1420.2893,420.40952,434.6031,1433.5408,-365.0846,741.5326,1452.073,478.40088,317.74002,1515.3237,-463.8136,769.9558,1457.336,491.1864,284.3081,1535.6127,-509.79535,778.9924,1450.101,407.41403,280.06363,1532.5944,-588.23914,769.45154,1450.8771,442.68622,293.96964,1526.8328,-499.44858,619.5131,1617.8694,141.88979,526.945,1620.3049,-142.05559,607.42993,1834.9124,371.07922,517.2317,1843.7114,54.104378,583.8147,2030.1272,700.0684,502.15903,2051.497,401.80933,555.7247,2051.6047,722.0538,498.45953,2078.6885,424.59363,627.8321,2119.3738,560.50885,540.95,2162.9485,201.03183
043.jpg,642.5363,1157.1016,-391.38306,636.38385,1135.0986,-349.98105,637.39716,1134.9127,-350.09875,638.1708,1134.5463,-350.1799,625.0465,1135.4849,-395.31134,617.69086,1136.0026,-395.29144,607.50977,1136.7646,-395.3232,614.2036,1142.712,-110.27929,570.50995,1148.6086,-319.25323,642.37994,1180.1594,-298.4665,629.1732,1181.1581,-358.30457,644.0764,1284.052,93.0608,491.8176,1279.577,-280.90182,648.1645,1418.3351,358.55313,439.5378,1431.9347,-281.9368,756.4969,1457.3835,300.4108,331.96637,1520.8354,-401.98938,780.9404,1467.8348,283.9072,298.76242,1548.2875,-454.01117,788.2312,1459.9963,198.20494,296.38068,1546.0985,-535.83813,777.81006,1457.1472,259.5206,308.18573,1540.5406,-439.54926,623.95105,1601.9633,120.06754,524.2459,1595.495,-120.18371,611.71576,1827.2751,202.64062,530.73535,1823.4728,-25.75861,588.82715,2010.0576,588.9002,515.61835,2024.0575,357.1856,563.9414,2026.1226,614.6837,510.78912,2041.7214,382.90854,617.0033,2124.394,421.819,541.723,2130.7974,146.24202
044.jpg,623.50867,1151.2749,-513.5085,616.5264,1131.369,-468.96393,618.66486,1130.7872,-469.06674,620.50726,1129.9585,-469.125,603.8074,1132.8794,-513.611,595.07385,1133.7728,-513.60565,584.9142,1134.7028,-513.6429,599.51697,1139.654,-199.1447,548.6983,1147.9479,-407.962,625.7714,1176.7627,-409.379,610.97314,1177.021,-468.82422,626.4252,1280.4153,44.542053,479.40326,1283.2941,-358.77954,633.847,1419.0377,323.8499,426.40997,1439.5713,-362.09897,754.1444,1455.1727,231.89008,320.5825,1530.4198,-493.40698,775.87494,1463.6791,213.21698,289.02463,1554.9745,-550.76984,783.9241,1456.7048,119.961105,284.03976,1551.3187,-626.6915,774.1922,1455.4188,187.69821,297.21964,1545.0507,-528.85895,610.78784,1611.9086,140.14528,516.05286,1610.566,-140.1823,596.25653,1832.4808,351.75308,504.66855,1839.6002,-2.6504192,576.64325,2008.824,734.87256,496.58282,2046.4264,336.98825,548.9942,2027.4133,762.04266,492.50586,2068.8486,357.8547,618.527,2099.5513,589.1601,525.14966,2155.7805,106.93027
045.jpg,606.77905,1149.0502,-447.83685,602.42035,1128.63,-404.78662,604.24646,1128.4966,-404.87442,606.13586,1128.3165,-404.90506,590.05695,1128.4952,-443.71414,582.02454,1128.4565,-443.66187,571.75195,1128.5469,-443.60605,586.7361,1135.475,-150.77426,538.9252,1138.4912,-332.91916,607.8079,1173.9731,-350.73624,591.8916,1172.5085,-402.37592,610.7806,1283.5131,57.649296,465.29572,1272.0487,-301.1168,613.3843,1417.4983,307.74478,408.83893,1424.1663,-316.70798,728.96375,1446.4811,224.0771,305.65952,1513.255,-440.4853,757.4881,1453.3544,204.45682,271.34833,1538.3204,-492.8163,765.37946,1445.9763,117.78729,266.40216,1536.2576,-557.8457,753.9626,1445.5881,182.63414,280.88086,1529.5193,-471.81064,591.26227,1600.1947,133.95857,499.15942,1598.5127,-134.10194,581.86945,1819.8506,324.30258,490.0868,1824.7551,29.256931,558.7433,2004.349,658.47437,474.07065,2026.6577,371.63177,532.73083,2024.391,682.5355,470.05743,2049.4282,395.3843,599.61957,2101.7988,522.13043,507.9868,2139.8123,175.84726
046.jpg,600.1561,1161.8069,-441.343,595.41364,1141.9255,-404.2491,597.50714,1141.5977,-404.31216,599.5894,1141.143,-404.359,583.3061,1142.3864,-447.51556,575.7906,1142.4696,-447.5264,566.2337,1142.6196,-447.51276,580.4188,1148.7881,-164.0874,532.3312,1151.3257,-365.13147,600.6804,1185.3757,-345.74503,585.2477,1186.3107,-403.15512,601.695,1285.8431,60.759224,464.99487,1277.3512,-313.14584,608.0404,1415.4637,278.7028,402.0202,1429.4324,-269.14072,718.59753,1450.9819,145.94362,302.90887,1524.2609,-321.9562,742.83453,1459.2415,125.53874,270.07367,1551.1439,-358.0627,749.33,1453.1504,34.858482,266.4585,1551.2535,-419.94495,739.69305,1452.1272,102.54485,279.95114,1543.3793,-348.3474,581.7055,1577.9014,140.68027,493.8354,1578.4794,-140.86127,568.04504,1804.3402,206.456,482.9943,1810.0944,-122.35752,545.21826,1996.384,478.16635,462.92972,2022.3823,108.36126,517.2828,2014.7428,494.92993,456.4098,2043.2583,118.260086,575.5601,2090.3267,331.4827,496.13773,2131.3188,-120.23846
047.jpg,600.3597,1154.9436,-317.60684,595.96063,1135.9769,-277.38486,597.5724,1135.6558,-277.48624,599.16534,1135.2404,-277.53723,583.9557,1136.3907,-319.48633,576.39624,1136.1982,-319.41293,566.7392,1136.0436,-319.32812,578.78424,1143.2224,-44.434685,534.3784,1145.8317,-239.00024,600.72174,1178.9576,-228.24992,585.86426,1177.9932,-283.38205,601.1344,1286.2316,137.06885,468.33884,1274.5405,-219.6775,611.2796,1411.3214,296.59238,406.92645,1422.4697,-222.13998,720.018,1445.522,128.52473,304.22275,1516.6449,-314.65353,746.5362,1452.6256,93.192345,269.34494,1540.0612,-361.86166,753.28705,1445.0398,11.216751,265.21414,1540.0499,-428.95413,742.5251,1444.5778,85.60718,280.24887,1534.2734,-345.97614,581.4079,1580.2715,135.48476,495.93555,1579.3656,-135.46724,564.8211,1811.4974,257.32074,487.18848,1813.487,-31.268557,534.46295,1998.2441,524.50885,474.5303,2013.8822,249.06477,512.4002,2017.2722,540.46643,468.54135,2034.3124,264.9619,574.27313,2085.0605,373.3392,498.5066,2116.574,45.094685
048.jpg,603.8242,1161.7189,-441.0172,597.9715,1141.2512,-406.48825,599.58167,1140.9803,-406.56625,601.02985,1140.7332,-406.61676,585.9835,1141.5586,-448.54346,577.91425,1142.2562,-448.56766,568.16223,1143.1522,-448.58005,579.03455,1148.4154,-174.99835,535.08405,1153.7007,-371.95322,604.6605,1184.11,-348.62427,590.1538,1182.9038,-404.74118,604.8859,1285.53,32.101395,467.52316,1281.5583,-302.52762,618.63525,1412.821,189.4717,411.47046,1429.4656,-231.6653,732.29395,1447.3544,-17.23516,304.81808,1511.7727,-253.47336,756.2283,1455.8031,-50.135017,269.85004,1535.271,-280.42953,764.14685,1448.0262,-136.84561,264.68735,1531.7173,-349.24994,753.9871,1447.0306,-61.11711,278.57834,1524.5642,-281.93246,594.2919,1573.066,125.934105,501.7407,1572.1749,-126.061455,576.6619,1801.845,241.03651,487.31943,1800.4186,-100.940285,550.03937,1984.6129,543.3615,472.19864,2009.8949,116.03903,524.31085,2001.3732,563.9262,467.8219,2031.0201,124.29275,578.0141,2075.871,403.09082,490.0324,2113.5903,-118.95474
049.jpg,599.4098,1154.9463,-417.06027,594.1858,1137.0542,-378.95645,595.856,1136.7032,-379.0637,597.59766,1136.2463,-379.10733,581.0013,1138.0704,-416.53647,573.3514,1138.5355,-416.52213,563.39685,1139.1436,-416.52255,578.87,1145.6656,-144.43578,533.42175,1150.6558,-319.74875,601.73895,1178.5643,-326.00476,586.355,1179.2433,-375.78198,607.2673,1286.0626,51.470226,470.89984,1279.8768,-270.1004,611.217,1419.8955,205.09615,411.17493,1427.6621,-235.28354,724.75977,1455.5797,5.437251,312.46262,1520.7485,-311.9152,746.6021,1462.582,-33.02758,278.49295,1545.976,-354.04224,753.522,1455.2699,-119.13015,274.46066,1544.8584,-420.64554,744.4074,1453.9767,-38.50838,288.51498,1537.4371,-342.0189,588.2775,1580.2126,130.65575,501.37003,1579.7163,-130.74599,573.843,1800.5956,264.82578,489.6931,1807.0277,-40.212563,556.9155,1975.3586,566.57214,480.57965,2004.1147,234.03632,532.7534,1993.297,586.914,475.32474,2024.786,249.02806,589.15784,2064.101,422.2038,511.60068,2104.912,17.613527
050.jpg,593.334,1162.0552,-465.37323,588.49054,1142.6877,-429.68576,590.03345,1142.456,-429.78568,591.54285,1142.2227,-429.812,577.3863,1142.9216,-468.901,569.9204,1142.9983,-468.90906,560.53204,1143.1245,-468.92557,571.7791,1149.8289,-198.39375,527.9006,1152.8079,-380.4821,593.38214,1184.6838,-375.00522,578.62836,1183.7058,-426.69092,598.30225,1284.3188,-12.1525,454.01355,1285.7104,-324.7375,602.3636,1416.2494,121.938034,398.3905,1429.6587,-308.86298,708.1333,1449.0481,-94.00604,301.00607,1510.0842,-397.17365,731.38464,1454.9288,-138.93063,265.91974,1533.8195,-442.30612,737.67847,1447.9407,-218.75871,262.187,1530.2858,-514.8678,728.7067,1446.8293,-136.74852,275.87512,1524.1787,-430.0696,582.8726,1583.7158,116.13779,492.93146,1582.9926,-116.261665,567.42554,1793.5844,288.1238,479.32086,1797.445,29.337406,538.6714,1961.3412,649.70764,468.63947,1980.5326,375.7943,516.21436,1978.3488,676.4869,463.57025,1999.2108,399.30145,567.3163,2048.2122,516.0652,494.57086,2085.2434,182.17003
051.jpg,581.2095,1160.8314,-464.1642,574.84607,1142.0748,-423.92883,576.3713,1141.7639,-424.0075,577.98303,1141.3555,-424.04803,564.00366,1142.8239,-465.24887,556.812,1143.1914,-465.247,547.75305,1143.6877,-465.22766,558.2786,1149.999,-174.68655,514.33704,1154.2723,-365.5198,581.83704,1184.1741,-367.00232,567.3288,1184.8964,-421.32397,588.32874,1282.4401,34.61616,448.26245,1281.8827,-303.22565,594.26666,1411.8337,231.37663,392.0379,1430.031,-259.5042,695.2452,1454.6251,71.796265,297.34195,1522.0552,-324.51126,718.2501,1465.8943,41.374073,267.28012,1545.2113,-366.40903,723.7186,1460.8984,-44.147514,263.8817,1544.0302,-430.2384,715.7754,1458.0717,28.977846,276.36685,1537.4854,-352.66098,572.8566,1579.9583,120.17235,481.558,1581.4711,-120.30993,558.43036,1792.241,243.22717,473.56995,1789.287,-1.5955698,531.79803,1961.5582,606.4678,456.9078,1981.9126,360.31882,506.8552,1979.2974,632.7757,453.15454,1998.7816,384.20126,554.95593,2053.768,454.7287,475.50635,2079.2139,150.13934
052.jpg,583.89746,1161.2754,-428.87326,577.31903,1142.1809,-389.05722,578.73413,1142.0001,-389.14838,579.9989,1141.6803,-389.1913,566.43567,1142.2397,-432.0271,559.5101,1142.0682,-432.05664,550.7198,1142.0513,-432.0866,559.2307,1149.744,-145.61642,516.6167,1152.4353,-346.28815,584.2776,1183.5038,-334.0223,570.0279,1185.1478,-391.20395,582.6174,1290.7404,70.20896,444.86832,1286.2778,-289.22458,591.9791,1412.5056,306.68652,386.2117,1429.6182,-249.65578,698.1265,1443.7413,194.13779,289.1464,1510.1609,-315.96985,728.40186,1452.1084,175.53423,253.70836,1531.1403,-355.7835,734.8455,1446.5115,86.046425,249.05765,1527.8859,-426.89365,725.1858,1446.4473,151.31009,262.7204,1523.4213,-347.40488,567.18536,1581.4896,131.28831,481.44577,1587.359,-131.31818,555.9811,1795.9008,241.11307,470.5462,1801.1741,-75.296875,532.4385,1977.3632,548.77124,463.17432,2006.7898,197.96295,509.576,1995.0134,568.8428,458.11554,2026.2921,211.22005,569.76654,2065.9792,396.25894,485.86176,2102.6565,-34.59968
053.jpg,590.0064,1157.6389,-536.1388,584.0815,1138.1907,-490.11707,586.09015,1138.1187,-490.19568,588.16547,1138.1421,-490.24594,572.099,1138.4565,-531.2349,564.2461,1139.0022,-531.2215,554.48315,1139.7418,-531.20056,568.6943,1149.2137,-214.8572,522.2025,1152.8491,-405.1334,591.5471,1181.4403,-430.2288,575.96765,1182.3442,-484.26263,592.65546,1291.6357,26.744267,456.82532,1283.4227,-338.5577,598.4819,1416.5275,274.51202,392.15967,1431.0294,-306.40195,707.1453,1456.9492,149.32864,293.93082,1524.5306,-400.7147,730.9548,1460.3949,125.4636,261.46448,1545.8156,-449.20056,737.9211,1453.7355,33.530987,258.24966,1546.1061,-518.34973,729.38257,1454.8593,104.573654,271.73376,1539.9385,-432.05573,572.18744,1589.4009,133.72128,483.21786,1593.6743,-133.81422,560.5262,1801.1675,280.80185,476.02383,1809.697,-0.16128291,530.9829,1987.4426,628.3313,458.44232,2008.6881,358.76514,506.71765,2005.5316,651.3225,453.4818,2026.861,381.15247,559.54675,2079.2224,462.03375,482.1625,2110.566,136.11414
054.jpg,599.8415,1162.8003,-469.48264,593.5895,1142.9425,-427.46884,595.06476,1142.2423,-427.5493,596.60596,1141.4567,-427.5828,580.5092,1144.9854,-471.17715,572.58514,1145.4648,-471.17624,562.72955,1146.2141,-471.17194,575.3987,1150.7358,-170.15157,530.3711,1157.9814,-371.94217,600.94025,1187.1085,-369.09128,586.65027,1188.2057,-426.47952,605.2862,1289.6395,67.012566,469.42612,1288.7397,-336.14465,604.33575,1427.7692,265.51328,408.6899,1440.3195,-321.9553,706.3431,1463.2275,97.71827,313.09772,1543.4421,-409.4823,733.7861,1474.5242,68.17638,280.43454,1568.9293,-458.69,738.81696,1469.2522,-21.782936,275.01447,1570.2349,-523.40753,730.6669,1467.1492,52.81387,288.7493,1563.0311,-438.42062,585.6152,1589.438,156.46265,499.45825,1588.0997,-156.64543,575.7555,1811.3164,308.0932,491.8481,1816.6877,-28.878113,550.7471,1997.5115,590.6626,471.37994,2021.3545,263.90466,522.7605,2019.7844,608.3772,464.71088,2044.0367,280.7225,590.57056,2084.478,444.36835,510.93298,2126.7434,49.895363
055.jpg,612.2584,1164.597,-600.64276,606.30756,1144.665,-556.59656,608.18665,1144.232,-556.63715,609.66455,1143.8379,-556.64386,593.6531,1144.9586,-603.8925,585.44885,1144.898,-603.94305,576.1649,1144.9932,-604.0141,587.4632,1153.0917,-282.30377,542.076,1156.4772,-504.35785,612.7249,1187.0344,-493.8161,598.1347,1189.1604,-557.0883,608.38824,1290.0154,-16.583473,473.4283,1289.416,-443.64285,606.1483,1427.2609,272.7186,408.31104,1443.7764,-438.42764,709.9274,1461.6802,206.03017,303.0836,1541.6652,-526.1606,738.87976,1475.0991,198.59727,269.66803,1566.8947,-574.15643,744.7656,1469.1466,107.587364,266.4713,1564.8295,-643.8222,737.0496,1466.3331,163.95062,280.48035,1557.319,-557.31824,597.34924,1604.0864,150.53075,506.81458,1608.6387,-150.72705,583.50586,1822.3328,392.9057,494.4795,1831.0133,11.177004,555.14954,2004.6078,741.32465,479.6183,2038.2661,324.17358,528.05066,2022.8942,765.33496,474.8254,2058.8972,342.14148,586.358,2094.7153,604.41034,501.4924,2139.5396,103.06355
056.jpg,617.4203,1165.7172,-565.2851,610.4507,1145.2496,-521.3282,612.2479,1144.9376,-521.38025,613.7468,1144.6218,-521.4253,597.5826,1145.4276,-570.8877,589.22754,1145.7241,-570.9196,579.3487,1146.3036,-570.9509,592.79156,1154.1031,-250.77197,544.5055,1159.3103,-480.7549,618.0979,1188.278,-458.83932,603.8123,1190.8933,-524.6631,612.6323,1297.2325,21.952723,477.93448,1294.7585,-428.13248,613.5815,1430.3629,311.80576,417.38406,1449.4148,-396.90375,721.53656,1463.6195,233.45033,322.13004,1550.4348,-453.45044,752.233,1473.0734,226.9986,288.13907,1577.7701,-496.96036,758.7979,1467.1978,131.32433,283.63782,1577.1255,-556.7041,750.98975,1466.0061,189.09056,298.13284,1568.8203,-479.1024,593.89075,1599.5546,155.37117,503.3693,1603.4807,-155.5928,589.954,1815.4246,303.36176,502.40082,1832.8711,-98.35247,571.95807,2021.3213,621.1317,483.71472,2054.2004,160.14273,540.2723,2042.7681,641.96405,480.00995,2073.7688,172.36908,606.3259,2117.1948,472.64255,506.8319,2156.9075,-81.65582
057.jpg,623.47144,1164.8337,-619.04236,618.5425,1144.1266,-572.8921,620.61664,1143.65,-572.9312,622.0727,1143.1108,-572.9986,604.13165,1144.734,-620.34515,594.93884,1145.1079,-620.3721,583.8243,1144.8883,-620.3788,600.694,1151.2277,-280.81335,546.26843,1153.6849,-504.22708,624.93396,1189.7019,-504.38916,608.3045,1190.76,-567.97473,619.25,1285.812,12.608533,475.28342,1283.437,-432.0439,616.5871,1428.1744,327.44556,413.27597,1439.9749,-407.40497,723.63306,1457.6985,256.9751,308.62213,1535.1893,-510.50662,754.37885,1465.6401,245.7853,273.94995,1558.6892,-563.5408,761.7698,1457.9207,146.8559,269.7864,1558.0642,-635.11053,753.15247,1456.8859,211.13116,284.41104,1550.0143,-542.532,608.15216,1599.0161,167.11147,515.415,1601.0125,-167.30017,593.483,1819.9875,324.66495,496.89575,1834.008,-43.28683,555.13495,2008.3795,712.5793,479.77478,2037.2269,313.42487,528.03156,2026.1932,740.4969,471.40845,2052.582,336.45776,593.3311,2108.7908,575.51337,495.58618,2142.8328,88.57035
058.jpg,627.4929,1163.4313,-499.225,619.36224,1142.2529,-456.37518,620.76874,1142.2266,-456.4518,621.9901,1142.064,-456.4942,607.5159,1142.0165,-499.7206,599.67975,1142.5352,-499.7135,590.4959,1143.2144,-499.67587,599.6662,1151.1532,-190.86438,556.0092,1156.2825,-393.39456,628.87134,1186.3427,-395.96872,614.2204,1187.3685,-453.4549,630.66266,1290.0205,55.66892,490.46445,1292.6206,-346.213,637.0114,1425.7524,281.00598,430.0231,1445.2172,-335.3158,738.85376,1469.3817,125.26388,325.08893,1541.3483,-441.43893,764.66455,1478.2288,99.849945,290.95923,1561.0042,-492.40884,770.0141,1472.805,4.4999065,284.15842,1559.8434,-557.22815,762.601,1471.5161,78.75159,298.9491,1555.3546,-471.5006,615.3439,1601.393,151.86765,525.57214,1600.8564,-151.9736,605.48505,1826.6897,310.1231,517.53955,1833.5211,-66.33404,578.7203,2030.8003,587.85254,494.03296,2057.2913,178.17516,547.8808,2052.407,604.72327,489.88885,2080.106,189.72588,616.87024,2122.795,439.80664,519.4822,2168.0994,-53.666607
059.jpg,647.4129,1155.8373,-622.57416,638.96075,1133.6202,-571.2638,640.0991,1133.3918,-571.32983,640.94934,1133.2059,-571.3994,627.8131,1134.2698,-619.46454,619.4641,1134.6212,-619.4668,609.53766,1135.6116,-619.45526,616.2456,1142.5454,-263.00058,572.631,1148.3759,-488.2213,647.2095,1179.5905,-503.3791,633.8858,1178.6793,-567.452,637.8104,1283.9213,31.156107,505.03632,1285.1196,-425.70984,644.9205,1428.1865,328.89444,440.8514,1438.9254,-428.6592,752.1234,1464.8617,216.05904,333.4591,1530.4224,-571.6822,781.81213,1471.3,194.6691,300.13284,1550.4897,-637.5042,790.7948,1462.9924,95.39005,294.70132,1547.2974,-708.5311,779.95886,1463.2152,168.27034,308.6159,1542.1584,-605.37506,629.21515,1609.185,162.27568,538.26324,1610.7404,-162.41072,614.6179,1830.2892,310.34378,522.2836,1835.0173,-24.799387,579.8734,2021.6108,721.48016,509.2721,2043.2501,372.19943,551.59045,2039.8011,750.69714,501.22562,2060.4543,399.10907,612.6032,2118.241,568.1909,530.484,2152.4004,143.80666
060.jpg,648.3935,1164.2388,-647.94604,644.8284,1142.8167,-599.7889,647.4523,1142.597,-599.7712,649.7927,1142.2472,-599.7652,631.33514,1143.0531,-645.2251,622.52423,1142.6023,-645.241,612.31177,1142.2349,-645.2423,626.91437,1150.5374,-312.92926,576.5503,1151.9467,-527.12744,649.32733,1188.8457,-537.82825,632.58417,1188.4639,-599.03864,638.375,1288.7068,-33.809845,501.04358,1292.6523,-478.89432,646.687,1427.1075,341.77176,438.7612,1447.5798,-494.7035,736.5673,1477.2501,417.37335,330.42615,1554.5184,-576.5462,765.7532,1494.2894,436.91037,295.90186,1579.0464,-624.4355,772.67694,1491.2329,353.6456,291.83093,1580.1403,-695.2824,762.7374,1486.8795,382.77036,307.10352,1573.842,-608.4692,628.13116,1619.7545,143.524,541.5082,1619.5502,-143.88004,619.9256,1837.3519,402.7269,537.91565,1838.3937,71.694855,595.9996,2023.1764,757.44336,513.9744,2052.5093,438.27924,570.1604,2038.7712,781.9751,505.86633,2072.5784,463.34943,622.40857,2120.969,621.3814,539.9262,2158.4758,239.20917
061.jpg,613.9278,1142.7784,-244.3076,604.01337,1122.4434,-216.42102,603.1883,1122.2732,-216.542,602.0882,1122.195,-216.4357,599.1076,1122.2155,-289.1444,594.6438,1121.5583,-289.23184,589.35126,1120.764,-289.49747,575.94165,1132.3047,-49.65461,556.2078,1130.9976,-378.83926,608.9201,1165.8348,-173.73773,602.915,1163.9297,-268.896,572.8495,1267.8569,171.95937,484.3438,1256.7389,-486.24612,510.58176,1401.9452,273.04657,423.34384,1399.0157,-558.66693,486.73264,1528.6199,116.87582,346.8358,1522.5922,-560.983,479.55908,1565.9303,97.805115,318.29852,1551.3511,-626.8025,483.80115,1564.255,40.113655,319.52502,1555.7542,-636.9252,482.55316,1551.0715,83.317085,333.01398,1549.0066,-564.54083,574.5792,1586.1779,205.53688,503.83862,1587.759,-205.78436,569.8882,1791.1544,431.9581,499.99875,1805.7356,-101.493324,501.50446,1972.495,775.9417,456.99994,2009.68,129.9889,473.4829,1989.1796,799.50323,425.26135,2040.4905,139.50717,561.13824,2057.2747,674.51306,513.0072,2111.7498,-78.37583
062.jpg,677.22437,1163.2229,-486.00363,671.9714,1141.4368,-437.92047,673.2303,1141.1141,-437.94373,674.0956,1140.7157,-437.9854,660.3731,1141.0691,-484.336,652.2522,1140.6667,-484.2887,642.6121,1140.0406,-484.1859,648.42255,1147.7532,-160.39577,603.24414,1146.5913,-378.06335,674.33307,1187.0211,-378.64655,660.5882,1185.1564,-440.92212,652.04987,1283.7715,119.27189,520.5982,1284.5123,-348.19992,646.13434,1410.3018,513.91925,463.36255,1431.7115,-312.01364,714.3365,1447.8751,635.0891,359.7835,1535.1438,-350.5079,733.1484,1462.5264,664.4516,324.28903,1559.214,-390.41318,741.50226,1454.5724,584.2261,320.4675,1559.2787,-449.90146,726.8723,1449.4797,603.6164,336.46255,1553.0051,-376.106,642.598,1622.7214,155.0376,549.9327,1625.2787,-155.18132,631.26556,1843.6678,395.0798,538.99207,1850.9292,41.060482,589.43805,2028.2764,739.6712,526.7293,2060.0178,384.89206,557.33276,2046.2676,764.93365,516.3383,2082.3657,409.75162,641.5959,2124.6309,636.483,564.52264,2174.7275,208.437
063.jpg,674.71344,1139.499,-553.876,666.9899,1118.9806,-503.9948,667.7791,1118.5328,-504.0226,668.1848,1117.9515,-504.0587,656.6833,1119.2717,-554.111,649.1156,1119.3911,-554.06604,640.06586,1119.3018,-554.0006,641.74304,1126.4784,-215.39622,601.21674,1129.8921,-449.23047,673.0009,1164.0154,-442.38718,660.14966,1163.5094,-509.2182,653.0818,1269.3163,78.5138,523.5947,1269.0105,-429.4345,646.4191,1400.4115,447.8149,473.49435,1425.4912,-443.06955,726.4679,1435.1509,505.32883,373.01242,1529.4689,-537.75256,759.1801,1450.7606,520.4933,341.1042,1556.1046,-591.44086,770.89746,1443.2006,436.28622,339.23734,1555.4392,-650.9243,753.00116,1439.3547,469.29312,351.80566,1549.837,-564.4153,645.0807,1605.499,164.68413,554.9036,1606.5319,-164.84485,636.31604,1818.2291,400.73163,540.69147,1830.3347,13.459005,600.5612,2014.5597,720.37085,520.60767,2045.0431,334.06412,571.64795,2033.5061,741.0001,509.5999,2066.051,354.7691,651.2663,2113.076,600.2396,558.9372,2163.9111,141.39671
064.jpg,680.2378,1142.35,-581.11926,673.99445,1122.2734,-529.6111,674.99945,1121.7772,-529.64545,675.79474,1121.1296,-529.69336,661.1549,1122.915,-584.0435,653.8364,1122.944,-584.0202,643.9046,1122.5566,-584.04456,650.5481,1130.2142,-240.58961,606.50653,1132.6042,-492.12613,679.4557,1167.5782,-470.2647,665.05023,1167.9944,-542.8089,662.6396,1276.1348,63.13805,525.202,1277.5658,-505.67816,666.9536,1409.4644,466.9066,481.49265,1432.9061,-648.6606,770.98975,1442.8146,572.833,382.14218,1527.715,-870.6335,801.5986,1444.8384,601.76166,349.07104,1553.0758,-947.6938,813.931,1436.6665,520.0011,345.219,1550.035,-1007.9323,798.8603,1437.7443,539.8249,358.11734,1545.0743,-901.05426,653.35425,1609.7078,174.6345,561.1061,1611.7115,-175.0144,645.025,1819.7644,438.94818,551.4486,1840.3457,-8.852571,605.8769,2012.6423,807.8174,537.71674,2065.553,331.5111,575.94,2038.9792,831.4788,529.49384,2081.3713,352.88547,653.48663,2124.936,668.757,580.1809,2147.2288,119.274635
065.jpg,669.70746,1135.8529,-491.19025,662.1932,1116.5995,-442.52402,663.9089,1116.1735,-442.58377,665.1073,1115.5472,-442.64648,650.65533,1117.7805,-494.50085,642.2341,1118.6067,-494.4406,632.4492,1118.9618,-494.37976,642.27673,1125.3221,-168.20393,595.30115,1132.1564,-408.30637,671.6495,1162.4924,-385.02698,657.1433,1162.5569,-453.75754,655.69574,1269.9275,113.978294,531.1898,1270.3229,-421.59586,659.953,1411.715,425.56525,482.46762,1427.1134,-478.4676,749.2655,1456.668,428.8068,395.48712,1540.9785,-596.33075,780.1364,1467.4526,435.51337,365.6935,1573.1644,-657.3331,786.90454,1460.8373,348.8702,366.11456,1574.2109,-709.1701,775.54803,1459.166,390.10123,376.2032,1568.5193,-620.3829,650.1337,1603.5583,175.2448,563.2995,1601.7672,-175.51767,636.2963,1822.1305,378.21222,551.9076,1832.8064,-60.20965,611.38196,2021.0752,674.14703,530.3365,2060.4324,190.46503,580.0322,2043.0905,692.0065,519.27094,2079.6794,203.95288,658.80554,2122.4233,547.69305,563.75055,2166.7195,-14.617836
066.jpg,648.30414,1124.9836,-431.32217,637.73254,1105.0364,-385.076,639.17426,1104.6149,-385.1578,640.41315,1104.0647,-385.195,626.526,1106.4893,-430.23584,617.9852,1107.4861,-430.18256,608.1614,1109.2572,-430.13483,617.8706,1115.0406,-116.623604,571.7246,1126.335,-327.1269,651.2821,1150.8448,-328.15045,636.71814,1151.2286,-387.9821,643.5862,1261.9065,136.9023,511.5971,1266.5446,-320.31006,639.91626,1407.6759,415.79504,462.39197,1424.0497,-341.0013,733.85834,1443.2958,380.86792,372.55505,1534.2639,-454.22208,764.7666,1458.1742,378.32907,344.81815,1560.9203,-508.1729,775.26263,1451.4811,289.90924,343.9699,1561.7559,-563.9948,762.84204,1447.7671,340.11972,355.1321,1556.0123,-480.43567,634.8115,1598.1929,158.4075,544.37506,1599.5027,-158.55673,626.4282,1817.2484,305.88974,528.2897,1834.5353,-39.979465,595.3428,2014.2717,613.0407,503.841,2049.9692,262.41757,566.25073,2033.5568,631.71265,497.84573,2066.9685,280.79474,643.6471,2112.649,477.57596,533.95935,2162.5137,57.170277
067.jpg,642.1271,1124.6229,-544.9735,631.452,1104.9131,-495.2798,631.9366,1104.7161,-495.33185,632.0002,1104.5789,-495.3681,620.92523,1105.9142,-547.07294,614.05133,1106.29,-547.04114,605.84784,1106.7214,-547.01324,608.59814,1118.8403,-204.42111,569.80896,1125.2048,-446.33673,643.08057,1149.399,-432.93683,631.02704,1151.3566,-501.96527,631.66046,1268.0316,92.63047,500.64264,1263.6586,-439.43262,626.2181,1407.9235,405.68976,441.8002,1418.5836,-490.60068,725.89795,1446.8749,372.73056,350.88007,1524.5223,-625.19745,755.38806,1456.0618,373.48676,319.2844,1555.643,-693.9901,768.52655,1448.5923,277.34946,315.60693,1558.1603,-748.5579,754.9855,1448.0712,328.44458,328.7176,1549.4098,-652.1114,616.9799,1593.7247,186.38208,528.32996,1593.4584,-186.5822,597.9543,1821.1746,393.62408,509.37936,1826.4628,-15.037043,567.75366,2005.2764,775.3546,481.42993,2032.6863,362.42596,539.4434,2023.0132,801.4027,472.96,2050.492,388.3016,611.4582,2102.7512,635.6795,510.5747,2141.0867,148.87404
068.jpg,642.3079,1129.6534,-580.99133,633.0508,1109.9717,-528.2137,634.1885,1109.3336,-528.2801,634.94507,1108.5825,-528.342,621.52277,1111.2303,-579.8965,614.0167,1111.8656,-579.85974,605.0682,1112.3912,-579.83386,610.4108,1117.7694,-228.40927,568.18884,1125.1141,-467.23935,642.9549,1154.8768,-466.13272,629.1014,1155.607,-534.3655,630.0155,1261.0083,67.57475,497.60645,1267.2623,-451.29877,627.33984,1400.4409,394.2798,446.6445,1421.9093,-503.96863,721.8898,1439.6925,370.44238,360.10345,1527.9675,-652.28784,752.9184,1447.348,368.52667,331.91605,1556.7402,-723.25214,763.4031,1439.6036,277.1313,331.32623,1557.3582,-784.622,751.1345,1438.8373,328.2592,342.0463,1550.7372,-681.8082,613.6546,1595.8657,168.72006,521.38165,1596.3307,-168.91913,600.7074,1810.5146,378.53687,509.9206,1822.144,12.259019,565.38824,1999.5397,769.7264,490.9065,2025.1758,409.9262,539.27844,2017.71,796.2392,484.0153,2044.6697,437.6076,603.0303,2097.3772,623.0503,513.98755,2137.6064,202.31754
069.jpg,649.60406,1126.7681,-507.83417,639.85144,1106.7887,-459.28568,640.08307,1106.2354,-459.37894,639.8985,1105.5681,-459.4228,629.44763,1108.0596,-514.0801,622.72516,1108.4446,-514.0538,614.06854,1108.7272,-514.05493,613.7013,1115.1677,-175.8337,575.7345,1120.4918,-429.6921,648.10724,1152.6184,-397.965,635.9911,1153.3373,-470.4524,632.049,1260.6904,104.87887,499.4752,1261.3837,-420.44965,626.8774,1403.668,383.70264,449.6432,1420.3674,-460.9104,714.15204,1433.7852,305.68246,359.66873,1529.748,-588.9467,749.19916,1444.5739,294.73886,330.46994,1556.3838,-653.4642,757.26385,1438.143,202.23071,327.19708,1558.2202,-713.8873,745.0654,1436.025,260.84732,339.60944,1552.5613,-617.17206,622.2947,1587.9736,177.60503,534.77234,1592.3185,-177.70842,615.3733,1811.925,350.0875,525.39233,1827.2968,-40.389538,582.52795,2013.2015,666.7865,508.4448,2041.28,285.53506,555.2711,2036.0222,684.875,500.4192,2061.1885,304.48376,622.86865,2109.4177,514.927,535.87103,2153.9778,66.49592
070.jpg,647.35754,1126.1565,-415.79373,638.5921,1107.3776,-376.16492,639.1941,1106.9811,-376.19968,639.377,1106.4314,-376.20465,627.03656,1108.6787,-429.9731,619.8177,1109.4451,-429.9282,610.6552,1109.9999,-429.8972,615.11206,1116.516,-129.60254,573.6267,1123.2566,-381.2501,648.03076,1152.3446,-318.49368,634.68256,1153.3586,-390.47528,635.3454,1261.777,135.338,507.8586,1261.2559,-400.2885,632.6494,1405.0876,462.27304,457.255,1417.5803,-440.08948,720.8243,1445.4742,493.7156,367.58896,1532.7058,-520.02075,750.626,1460.7408,510.08926,338.73447,1563.69,-574.26825,761.2914,1453.9977,417.82727,337.68588,1564.4362,-618.64935,746.85547,1451.1407,453.86975,348.49142,1557.5492,-540.6568,632.06573,1597.9784,177.65826,546.7579,1602.0483,-177.86365,616.8976,1815.3883,410.07925,526.4088,1836.2029,-30.54255,582.39246,2016.258,724.9231,501.279,2057.3022,250.5198,551.8592,2036.3556,746.1244,494.03558,2075.2622,267.46497,640.5143,2116.1765,609.6064,530.495,2174.6958,49.261673
071.jpg,664.50525,1130.5463,-506.65265,656.3048,1110.3822,-457.47202,657.1714,1110.066,-457.54407,657.7439,1109.6532,-457.56027,643.62946,1111.7848,-509.25217,636.4924,1112.4781,-509.23132,626.93933,1113.0933,-509.24948,632.5475,1121.2118,-172.54813,590.3132,1126.6306,-413.3487,665.7781,1156.6947,-396.47983,652.43695,1157.7356,-465.24844,647.1877,1266.814,107.64054,518.48047,1268.5638,-409.0461,636.97394,1409.1548,398.86832,465.99265,1426.132,-441.152,722.11365,1449.1935,359.69162,370.4394,1538.5137,-560.8669,753.53253,1466.974,357.8501,339.02142,1565.5826,-623.60126,762.85535,1460.3115,270.1105,338.13693,1565.467,-680.21484,749.65,1455.4885,319.17352,351.3395,1559.458,-587.396,637.8957,1609.495,177.35774,548.7218,1609.4814,-177.64044,622.4222,1832.8602,350.4682,531.98395,1842.6515,-21.559864,596.47534,2028.01,709.35724,509.59726,2053.7935,335.26086,566.74896,2046.8912,732.6488,501.17993,2071.4326,358.82355,641.3253,2130.5906,572.9361,541.4586,2171.6653,131.08574
072.jpg,677.9903,1129.6644,-421.0476,669.92615,1108.6998,-379.78986,670.51587,1108.5391,-379.865,670.8172,1108.3553,-379.89603,658.96576,1109.3778,-433.49908,651.4602,1109.3057,-433.48563,642.37354,1109.1989,-433.50162,643.46027,1116.6667,-127.61791,602.62787,1118.3611,-378.93298,674.6714,1154.4707,-322.32684,661.46704,1153.9496,-394.21365,654.7525,1260.547,108.41766,517.2723,1265.9255,-366.59326,650.64215,1404.1167,419.87714,464.364,1424.0826,-374.96967,734.70605,1430.2021,427.2537,359.51245,1525.4866,-449.0916,767.2357,1441.5631,431.0428,324.1184,1549.2117,-498.17532,780.041,1433.4102,345.53372,321.5137,1546.5776,-561.2559,761.18243,1431.3143,388.92505,335.7122,1541.265,-477.58093,651.94025,1605.4945,159.533,558.16956,1607.6772,-159.69917,633.218,1832.4843,329.64215,544.22076,1843.1531,-7.441527,599.31537,2017.59,690.8478,522.4408,2052.2805,346.93994,569.54254,2033.6229,716.32684,514.1367,2068.89,370.87543,638.8161,2129.075,560.5435,558.4058,2172.9639,147.24313
073.jpg,671.26544,1130.2551,-536.05383,664.2488,1109.1506,-492.4479,665.80994,1108.8613,-492.4605,666.96924,1108.5756,-492.46704,651.56396,1109.5454,-544.52344,643.3613,1109.5233,-544.5102,633.5428,1109.7915,-544.47705,643.64844,1118.978,-221.71602,596.77356,1123.884,-466.17654,671.9139,1154.1904,-429.73035,657.1024,1156.1525,-499.6295,655.9097,1264.4431,53.109352,521.3909,1267.1554,-437.7102,645.8065,1403.0173,400.1279,469.31888,1425.1083,-427.63208,725.19885,1442.8395,437.2399,369.11328,1533.3016,-491.3804,755.0984,1458.9258,447.7233,336.10718,1559.18,-540.43225,765.2353,1453.9985,360.23856,332.1401,1558.1094,-598.4563,748.8193,1450.6323,399.86917,345.66028,1551.6046,-516.86664,644.2141,1599.7887,162.59169,553.69666,1605.204,-162.89844,631.15936,1830.337,359.31686,540.0023,1838.5698,1.6589782,601.7658,2021.873,698.7126,521.8286,2046.9962,344.56787,573.1843,2038.0095,721.4828,516.308,2063.2102,367.35794,634.7161,2128.0706,565.587,546.83545,2165.5234,145.08669
074.jpg,669.3536,1131.0974,-474.0286,661.7925,1110.8447,-429.3543,662.5539,1110.5585,-429.4263,663.04987,1110.195,-429.48065,650.87396,1111.8745,-481.15665,643.48566,1111.9392,-481.1312,634.3939,1112.0043,-481.1286,638.85767,1118.3744,-164.99669,595.9881,1122.1857,-405.07828,667.5732,1156.3124,-371.25024,654.6841,1155.7843,-439.90775,648.8721,1265.1128,96.317924,518.9306,1259.2109,-395.13995,646.56024,1402.5135,396.2731,465.5483,1413.4722,-435.45154,742.78613,1442.7361,373.66803,372.40042,1517.3755,-563.9655,770.38885,1452.9861,373.35687,340.7092,1543.1022,-624.4568,781.15955,1444.911,284.6461,338.48355,1543.0542,-688.34576,770.3324,1443.4071,332.70096,351.365,1537.9636,-593.7213,641.2851,1588.9957,157.14835,550.8915,1584.7576,-157.372,627.09686,1805.9886,294.99896,533.4495,1818.8013,-37.223938,597.67487,2004.699,626.6972,515.1452,2028.9912,295.3785,570.8258,2022.9042,646.87036,507.9971,2041.8488,316.81674,627.75116,2118.5469,473.5136,545.3992,2133.8196,89.09539
075.jpg,670.61346,1136.729,-466.70297,660.8476,1115.5314,-420.22537,660.69543,1115.1497,-420.3308,660.2107,1114.6952,-420.3273,651.7313,1116.5542,-474.73245,645.2181,1116.6152,-474.69992,637.1792,1116.7617,-474.70496,632.14966,1123.7976,-144.84436,597.24274,1127.6165,-396.9399,667.4316,1162.4028,-359.1685,656.9221,1162.1702,-431.087,642.947,1269.9579,114.05774,522.8428,1264.8015,-374.96762,643.1562,1409.9857,281.40427,468.81485,1421.7318,-390.7194,739.3111,1433.8514,57.306946,374.02133,1525.4413,-504.052,769.4092,1440.0736,25.068518,342.4546,1550.5973,-563.6032,783.0182,1432.027,-67.35,339.63812,1550.0411,-622.3686,767.58057,1432.2566,9.33977,352.33542,1544.3431,-530.90546,640.31274,1587.6963,173.35353,554.93726,1592.6658,-173.48035,628.82965,1804.6047,304.0067,541.7029,1814.5825,-73.97393,589.45154,2014.4017,572.8382,517.2485,2041.3961,201.1596,561.8423,2033.9686,586.14417,508.91702,2062.3118,214.23032,639.89526,2111.0173,417.13608,550.3724,2155.3105,-20.835323
076.jpg,680.1932,1149.1696,-470.7128,673.78156,1129.3512,-424.35547,674.56256,1128.8485,-424.42383,674.96796,1128.249,-424.443,662.4475,1129.8961,-477.07245,655.481,1129.8634,-477.0161,646.3599,1129.3838,-477.0005,648.3704,1135.8021,-153.03453,608.7543,1136.9755,-397.1153,677.55304,1173.7927,-364.6609,664.8453,1173.9844,-434.54358,652.1005,1277.1818,129.01317,536.37994,1270.8383,-397.3983,643.72754,1411.6254,428.86542,480.05264,1420.7639,-430.11554,719.8381,1443.5061,405.47208,386.31622,1523.6089,-544.0735,742.27783,1455.2998,409.74924,351.2572,1552.2229,-603.91614,746.69495,1449.092,325.70367,350.06598,1550.9264,-654.13947,735.1565,1445.5538,367.33664,363.51407,1544.3527,-567.56104,648.0216,1608.2256,176.04796,567.3443,1610.2638,-176.20242,635.3093,1824.5406,379.21875,547.30615,1834.0934,-60.10109,592.4834,2015.1409,675.11957,508.7322,2054.2598,197.23848,559.765,2035.6128,693.1791,494.43826,2080.026,210.4829,650.85864,2109.9192,557.1409,546.423,2167.4963,-4.9119525
077.jpg,697.98035,1141.7904,-424.41428,692.1946,1121.3107,-377.8366,693.5958,1120.8707,-377.90625,694.7949,1120.2805,-378.00372,680.605,1121.7527,-426.82022,672.1314,1121.1608,-426.74582,662.6172,1120.172,-426.67657,670.5274,1127.3392,-115.04156,626.35077,1127.0305,-341.2276,695.29926,1167.208,-322.4153,681.2149,1166.267,-387.26712,676.4047,1267.2169,179.09328,554.8467,1262.7662,-352.5693,671.2343,1407.8418,589.2852,495.69073,1411.481,-372.34506,773.7695,1428.5525,717.30145,407.1599,1499.5966,-463.46887,800.3142,1428.9895,750.99695,370.43466,1523.1837,-513.89496,821.4537,1422.3188,663.7893,367.6117,1523.1337,-573.6107,813.76746,1423.7205,681.52826,381.89383,1518.1804,-490.89365,661.0603,1591.6078,175.7429,576.6782,1591.1083,-175.87187,649.06476,1821.4375,375.48462,561.13464,1828.0806,-63.091137,619.84534,2017.8661,677.29663,538.2255,2040.637,189.55075,588.993,2035.9606,696.5289,529.92633,2066.6858,203.71112,667.592,2108.3044,563.5758,580.6956,2159.6138,-8.546258
078.jpg,709.9807,1148.2448,-412.395,702.7996,1128.379,-374.71783,702.7721,1127.8127,-374.77078,702.35406,1127.097,-374.76926,694.5274,1127.8392,-441.0689,688.51385,1126.8053,-441.06433,681.4296,1125.7174,-441.17184,672.9444,1133.01,-153.13503,645.5152,1133.5017,-457.18988,704.8462,1169.1552,-323.50803,695.4419,1170.1688,-411.58664,672.7544,1273.1465,121.12764,574.568,1271.6555,-535.40234,663.14087,1404.8588,479.6221,508.70642,1420.794,-690.19147,741.0396,1446.1272,603.7952,414.7945,1528.3153,-840.7446,764.82135,1460.331,640.0938,380.5974,1550.8198,-916.9381,768.59467,1455.3135,566.1026,379.4632,1552.2542,-954.96936,759.021,1451.59,573.30975,394.71933,1548.4137,-860.5759,670.8039,1613.8508,190.97629,596.4647,1611.512,-191.3857,656.5588,1829.7205,432.4073,582.31616,1835.9468,-14.135349,628.55396,2024.3801,748.7186,545.36127,2051.0122,298.23187,595.22644,2048.1882,768.7806,532.33685,2071.4941,317.86584,669.17334,2127.9863,630.7212,588.0605,2147.261,110.75563
079.jpg,714.2569,1137.5553,-498.84872,704.0219,1119.7314,-450.5384,704.3512,1119.2009,-450.61032,704.4294,1118.5051,-450.63513,695.23694,1120.0695,-508.01227,688.7558,1119.9065,-508.01877,681.3896,1119.7684,-508.1268,681.1042,1129.0546,-190.2436,648.0393,1134.9557,-451.72195,714.3169,1160.3888,-398.28186,703.0489,1162.71,-473.97107,694.18317,1281.4062,104.796684,587.8483,1271.0426,-519.6844,683.25543,1418.8058,447.33167,516.92474,1423.8611,-700.23914,773.6629,1459.5415,534.78296,430.07706,1540.2169,-925.25714,800.4231,1464.9983,562.8223,397.21375,1571.0679,-1009.7354,808.226,1455.8759,486.27316,396.5126,1574.8611,-1051.4031,799.17316,1453.4932,503.38168,408.8101,1568.4437,-948.34357,678.7718,1617.716,190.37267,603.0424,1611.052,-190.74207,660.5755,1834.6389,391.86768,584.6379,1835.0413,-56.094414,626.8356,2026.4594,713.7905,549.6822,2062.0635,255.96095,589.8114,2052.0432,732.50085,533.3194,2084.3047,274.08447,674.5633,2127.6602,575.3633,603.8985,2149.8296,51.93739
080.jpg,724.3398,1149.2368,-467.38882,716.135,1130.4296,-423.77963,716.3677,1129.9023,-423.84933,716.2107,1129.2289,-423.87503,707.1704,1130.0359,-491.00403,700.8595,1129.4292,-491.0111,693.5932,1128.9131,-491.1213,689.1124,1137.1797,-177.29646,658.5967,1140.2562,-484.23068,721.97,1171.3818,-369.6093,710.97675,1172.798,-458.52493,699.7987,1282.9977,111.31689,593.5252,1279.7823,-551.23376,694.2087,1413.5217,469.7814,528.6894,1436.2838,-723.63086,775.0726,1465.1898,568.8308,443.9973,1558.9779,-919.5991,803.64417,1477.2289,598.169,412.69373,1588.8328,-1003.6119,812.9667,1471.5569,520.2593,412.55515,1592.135,-1043.6053,796.9978,1469.7994,537.4412,424.13977,1586.7327,-940.7845,693.10913,1623.3761,192.09093,615.2151,1621.6185,-192.49863,673.1043,1845.688,380.7079,594.4721,1852.2205,-26.656805,634.70557,2045.7451,691.4376,562.5989,2079.7366,286.5627,602.14636,2070.6853,710.1613,547.24866,2101.0012,304.70554,682.60974,2147.0715,556.99615,611.6046,2170.5269,86.22923
081.jpg,711.6509,1118.5435,-128.7614,701.71326,1098.7732,-101.20229,699.77496,1098.0863,-101.22765,697.584,1097.5431,-101.10531,700.2185,1098.9895,-177.89331,697.5226,1098.4146,-177.9707,694.50494,1097.9869,-178.27742,671.3146,1105.502,42.73358,669.41766,1106.889,-303.4751,702.7638,1137.2406,-66.70196,700.87305,1136.6091,-166.72449,630.6762,1214.3939,282.05942,624.3337,1204.2114,-479.1731,612.04114,1357.3801,368.09546,591.34595,1342.0591,-594.7588,637.6488,1457.7338,242.66217,626.1121,1461.2963,-602.83746,637.3468,1489.9197,241.28122,624.68097,1495.3605,-677.759,647.54236,1489.0076,185.48955,638.69885,1492.7314,-654.3388,648.6328,1477.3065,210.79951,641.9605,1483.0304,-593.05585,638.61743,1506.4417,238.83485,629.44696,1502.907,-239.02298,638.1647,1715.3969,355.97586,614.3193,1715.0968,-112.58601,587.688,1893.6982,581.83246,563.22144,1920.343,92.189316,553.00146,1927.4395,593.5544,534.64655,1950.0469,102.42494,644.52954,1966.3865,471.6774,632.7236,1989.5819,-75.82194
082.jpg,721.6103,1104.1232,-164.5875,711.21936,1085.2809,-139.54506,709.39246,1084.8927,-139.59944,707.3336,1084.4156,-139.51997,709.56824,1085.7598,-212.31335,706.6627,1085.6805,-212.36043,703.4714,1085.4822,-212.65218,682.63715,1091.0054,-0.14204778,679.68097,1093.3834,-328.62473,716.15826,1122.2686,-104.67199,713.908,1121.243,-199.44608,656.5801,1203.7704,224.64488,637.6302,1197.396,-485.56247,652.1971,1347.7651,313.79822,612.6155,1343.0763,-582.2014,672.1074,1448.5884,177.14264,654.4407,1452.0349,-590.77124,671.3471,1484.5856,160.7439,654.29895,1486.589,-661.5543,680.39734,1481.2899,111.929306,666.321,1481.7028,-657.1394,680.91327,1471.534,146.90163,668.3696,1471.1449,-588.1949,659.8187,1493.7499,216.74342,632.6135,1490.341,-216.9113,665.0567,1693.9175,315.53525,633.2093,1695.1068,-105.66466,607.0987,1876.4282,522.0796,597.08356,1897.3845,97.32627,574.8116,1904.1714,531.4105,567.0553,1917.6648,105.83167,661.49713,1949.938,405.23914,655.7138,1968.0536,-82.44902
083.jpg,725.1334,1106.3445,-125.07275,716.3298,1089.6198,-100.02928,714.71735,1089.3876,-100.082565,712.7782,1089.1069,-99.98045,714.97107,1090.2854,-170.23651,712.5084,1090.5157,-170.27974,709.5318,1090.7432,-170.58505,687.69543,1096.0807,31.195366,685.6779,1099.5757,-284.98016,719.08044,1125.31,-69.01328,717.3307,1124.6093,-160.14073,651.83417,1207.9984,245.2255,649.7019,1205.3918,-448.72073,640.66205,1346.0535,310.08374,623.5488,1348.7701,-526.679,660.2075,1451.2405,177.66751,662.3059,1461.1826,-498.0904,658.8534,1485.3212,160.97858,659.6813,1491.5851,-561.44934,666.24725,1485.2164,115.91978,669.51373,1490.1683,-554.71936,668.75,1471.7975,149.26895,671.92206,1481.4269,-493.87173,655.1645,1493.5762,221.2341,643.1576,1491.8015,-221.5389,667.49884,1688.9862,315.28293,633.027,1693.747,-114.33367,605.19965,1881.7006,519.5425,589.5062,1892.1445,89.84222,584.41235,1903.4171,529.17615,568.9769,1905.3364,99.91815,665.05206,1922.5952,412.52972,653.38043,1920.697,-75.58183
084.jpg,717.1836,1107.5056,-108.3656,705.7634,1090.8225,-83.132095,703.8422,1090.4362,-83.15834,701.58765,1089.9766,-83.084724,705.05194,1092.0333,-149.28348,702.77673,1092.4374,-149.31244,700.111,1092.7115,-149.60295,677.7696,1097.6259,43.615307,678.68866,1100.7936,-254.95659,711.1484,1125.2137,-54.819935,710.21893,1124.5898,-140.59961,647.6829,1210.3336,225.7672,644.68146,1207.4731,-397.7986,642.7372,1345.8218,269.11337,620.9992,1354.282,-460.77734,664.29193,1448.2307,128.40277,661.8355,1464.9136,-409.1289,661.91797,1484.0529,104.47471,657.951,1496.548,-465.95383,668.9793,1484.6569,63.75952,668.92773,1493.7972,-463.267,671.1306,1471.3442,102.11207,671.81555,1483.0249,-406.30835,637.3587,1482.0979,190.61476,645.2371,1484.8888,-190.85703,639.75244,1685.0713,284.73068,639.8967,1695.6715,-99.561066,610.64355,1859.8068,478.37112,607.4536,1863.3219,110.17028,596.69696,1864.4896,486.3719,591.8673,1867.6199,121.67197,659.33466,1875.3055,360.43332,649.4267,1877.3213,-48.4612
085.jpg,699.29346,1113.1887,-154.35991,688.71484,1096.049,-130.36293,687.05676,1095.4293,-130.39377,685.0657,1094.78,-130.31474,686.927,1096.4115,-202.24323,684.2448,1096.0776,-202.2827,681.1909,1095.7448,-202.55997,660.49365,1102.8297,0.84907585,657.3951,1104.2943,-323.2088,692.948,1131.675,-97.35042,690.2811,1131.9642,-190.8176,634.9503,1215.9565,220.29242,620.2752,1209.286,-476.9456,636.8253,1353.5686,304.16132,603.4702,1354.9551,-560.153,643.9547,1460.6665,181.0009,637.62286,1473.4558,-558.4696,640.9396,1498.9678,166.91974,633.1412,1503.718,-626.7844,648.7093,1499.9637,119.27765,644.93304,1504.3469,-622.0089,650.8866,1488.986,152.37363,647.90063,1494.8063,-555.45935,636.32996,1488.3252,217.05864,627.046,1487.4592,-217.31163,648.4267,1686.3682,283.2545,622.39026,1684.5361,-135.81154,597.91315,1889.8245,475.45236,576.7402,1902.438,41.63204,577.1602,1915.726,483.44858,556.0079,1918.359,48.96879,661.73126,1934.0232,361.92477,641.8602,1930.5255,-132.42563
086.jpg,681.2977,1109.4036,-148.9691,666.7438,1089.4741,-123.78992,664.6638,1088.8689,-123.85355,662.3816,1088.2712,-123.78447,665.1958,1089.5096,-196.5559,662.4551,1088.937,-196.62062,659.5945,1088.3508,-196.88393,639.741,1097.2057,11.519117,637.8556,1097.3408,-315.4266,673.12274,1129.2045,-90.32629,670.90497,1128.2096,-184.68326,616.5233,1209.4858,243.82314,604.3256,1204.3977,-478.5523,611.15717,1351.0175,319.58267,585.0114,1348.9623,-567.69165,628.77246,1455.9679,178.0862,622.06024,1456.9823,-561.38605,623.3585,1488.223,169.8256,619.8543,1490.6555,-629.204,632.9688,1483.9858,116.8224,631.68,1485.8586,-618.8705,633.63684,1472.117,146.5793,635.17456,1475.7384,-555.9147,615.4787,1492.1897,220.21626,610.5983,1486.7534,-220.31953,622.3723,1695.1982,268.95007,602.7423,1698.8096,-156.83318,576.66406,1889.4885,450.1273,557.77167,1908.1569,1.4093922,546.49896,1919.9761,455.46628,524.9256,1936.4846,6.9083905,624.1572,1957.5004,324.16055,616.7157,1975.8416,-177.59134
087.jpg,668.5536,1105.973,-171.79799,655.02545,1086.99,-147.47365,652.9035,1086.3818,-147.50204,650.5049,1085.7968,-147.41814,653.64026,1087.3308,-217.72438,650.9863,1086.9155,-217.78804,648.17993,1086.4426,-218.07738,627.6499,1094.6322,-8.057568,627.0817,1094.6268,-324.43005,660.86566,1125.8759,-111.7715,658.9886,1125.2086,-203.0165,604.5858,1206.2422,222.4895,590.75397,1204.676,-480.0286,609.6263,1346.3242,289.30563,575.7822,1357.0189,-552.6006,628.90753,1451.6904,123.16657,623.5577,1466.2965,-524.95355,629.679,1487.9559,101.94298,623.06085,1497.7972,-590.2736,632.63446,1486.0701,53.234734,632.344,1494.9047,-588.51465,632.94855,1472.1803,92.11683,633.6064,1485.8691,-521.8478,615.57,1487.2635,216.14091,581.582,1482.4287,-216.33562,620.6836,1689.1124,314.7067,572.12823,1694.2515,-95.09006,562.72925,1881.8636,532.01984,543.85333,1905.3126,119.37212,533.81213,1913.2421,542.7138,513.389,1932.2329,129.42134,611.453,1946.2795,411.8685,602.3232,1955.4758,-63.7997
088.jpg,670.81866,1097.5465,-155.84497,656.55927,1079.7074,-129.90268,654.22534,1079.2865,-129.93684,651.68335,1079.0559,-129.83586,655.3145,1080.4343,-204.28864,652.4635,1080.475,-204.349,649.63086,1080.6031,-204.61545,628.2667,1089.6903,9.368097,628.3171,1090.9945,-325.13928,663.64056,1117.7043,-95.246284,662.1665,1118.1158,-191.80334,598.7698,1202.8158,257.25262,600.2031,1199.2642,-497.8386,595.4603,1346.3494,332.77182,574.9519,1347.8971,-588.76587,607.32043,1456.6421,185.14297,613.98114,1460.0963,-580.81213,602.0539,1489.964,177.24725,608.541,1489.9496,-653.53644,616.497,1481.7579,121.0251,622.5192,1485.482,-639.3527,618.92267,1471.7188,152.39392,625.9596,1476.3295,-573.7511,599.7076,1487.1635,239.80397,599.3635,1483.631,-239.99829,607.76556,1690.6277,322.7753,592.73865,1702.4253,-140.6703,555.6574,1885.2461,532.3661,539.2578,1907.1755,37.540817,526.8042,1911.5555,541.2614,505.31906,1932.5465,45.00975,604.0707,1958.1056,417.20923,597.63763,1970.2848,-142.47888
089.jpg,675.5507,1104.2563,-225.31041,662.3443,1083.0149,-200.34036,660.36914,1082.6819,-200.3847,657.9942,1082.2701,-200.29579,660.09064,1083.4514,-273.2723,656.80225,1083.3707,-273.3746,653.08514,1083.1986,-273.6677,634.32495,1093.9707,-50.17946,629.4667,1094.4742,-378.30273,668.61554,1127.1938,-159.8846,665.5839,1126.7936,-254.76595,617.8381,1212.8789,194.12521,592.37787,1206.0079,-529.9956,623.1819,1356.5133,284.92178,578.5969,1354.141,-617.585,636.5037,1463.3984,128.62054,612.78864,1474.4581,-591.2618,636.2179,1500.7646,113.58496,611.70844,1508.352,-660.54694,640.50916,1500.848,58.141846,622.53644,1505.9625,-656.68646,639.0152,1487.94,95.45106,624.56604,1495.8407,-587.29,627.95447,1503.1171,217.93355,594.83356,1498.7163,-218.15662,618.45984,1711.1139,346.51013,585.1573,1718.0325,-83.62325,580.4612,1901.1763,595.9524,566.8564,1927.3604,147.99255,550.4314,1926.063,609.2433,536.19354,1954.113,159.27747,625.6658,1972.8628,472.93558,617.869,1998.6093,-39.712513
090.jpg,678.09485,1105.6385,-131.80356,664.6868,1083.2603,-105.30645,662.6123,1082.9609,-105.393684,660.1897,1082.6484,-105.31524,662.738,1083.492,-179.09616,659.542,1083.4021,-179.16183,656.15564,1083.2859,-179.46062,637.5099,1092.9146,39.60097,632.3185,1093.4758,-292.10068,671.6199,1127.316,-69.48341,669.21313,1125.9781,-165.33234,618.76526,1207.4465,265.49933,594.0678,1201.5564,-457.7369,623.06915,1346.7057,355.51407,575.0522,1334.7054,-571.1363,640.5298,1446.4993,197.64331,610.95056,1446.4438,-577.265,641.1816,1478.9708,186.25455,609.6027,1481.6831,-646.029,645.0297,1479.3052,128.77754,622.71423,1478.4635,-635.4593,645.1259,1467.422,163.58215,625.7099,1467.9851,-571.26276,628.6258,1495.7424,211.27086,598.6018,1492.0519,-211.37376,613.7886,1707.7914,272.23727,590.17084,1714.2097,-146.97025,575.8915,1903.9008,461.85275,564.0159,1919.8363,26.631207,548.30634,1925.502,468.1933,533.3181,1951.5599,32.789574,620.4244,1972.276,328.43008,610.4976,2000.5488,-159.70847
091.jpg,678.448,1105.2024,-195.73514,666.70447,1086.9949,-170.17685,665.01337,1086.6409,-170.21606,663.0204,1086.2544,-170.12259,664.74286,1087.0536,-244.29477,662.0393,1086.7373,-244.3766,659.00635,1086.2932,-244.64601,641.57416,1096.0083,-23.184284,637.0019,1096.2767,-356.5812,674.0459,1125.4852,-131.9106,671.5058,1125.248,-228.25285,624.05396,1215.2413,221.51672,605.4203,1211.7615,-517.7972,625.0581,1358.6149,314.73087,583.62445,1357.0405,-619.72003,634.2633,1470.388,173.63054,621.52576,1476.0461,-624.8071,632.77734,1503.4073,163.57286,619.0274,1509.711,-700.24286,639.292,1503.0793,106.20111,630.664,1506.7823,-691.67444,638.9707,1491.3386,140.26723,632.63257,1496.5853,-620.04614,620.28723,1505.776,222.79825,601.3007,1503.0314,-222.97992,614.38513,1712.5667,322.8999,604.87976,1717.6294,-112.85758,563.391,1900.8455,546.1615,550.5971,1918.7649,97.42215,532.16376,1923.7598,556.2094,516.13776,1947.425,106.82122,635.11285,1963.261,419.58157,602.34845,2003.1078,-84.98964
092.jpg,702.481,1105.4918,-182.51341,688.17206,1086.7743,-157.60449,686.1091,1086.1786,-157.65459,683.82245,1085.6543,-157.57762,686.64545,1087.1918,-229.54941,684.0165,1086.8868,-229.6215,681.2094,1086.6378,-229.94847,660.6908,1094.6761,-22.002216,658.6916,1095.815,-345.57776,695.5899,1124.5494,-123.37863,693.48724,1124.6056,-216.68709,636.016,1211.7487,203.51068,624.39136,1207.4813,-494.69803,639.6563,1354.6891,274.98282,608.19366,1360.6659,-565.93463,651.83093,1455.2806,124.04827,654.3916,1470.0454,-540.7154,654.17596,1493.3706,106.344696,652.69934,1500.2576,-607.20306,658.6313,1489.5103,59.641254,661.8234,1493.6234,-602.4337,659.20197,1474.6688,94.91646,663.39435,1484.1658,-537.0514,639.6323,1495.393,218.1386,630.5359,1497.5458,-218.42577,646.2038,1692.0472,340.91754,623.56885,1695.4288,-84.64224,597.2261,1891.0867,584.47815,585.8204,1899.3386,149.71223,567.3123,1919.7891,597.54816,553.91614,1924.9086,163.145,649.09705,1941.9246,473.08017,636.50366,1939.0568,-18.81874
093.jpg,711.9484,1107.4576,-117.75395,698.9742,1088.5469,-91.054,697.2106,1087.969,-91.10885,695.19556,1087.4072,-91.00649,697.6465,1088.5995,-167.39664,695.0987,1088.0052,-167.46658,692.1501,1087.3855,-167.80629,672.3876,1095.0453,49.448368,670.1496,1095.2946,-294.4486,706.13336,1126.9507,-57.45423,703.98206,1125.4308,-156.73088,646.5158,1211.4606,278.48965,631.9396,1206.2764,-471.73828,650.49786,1346.325,365.08224,615.667,1347.9646,-565.04706,662.0848,1458.344,223.961,656.6323,1460.9211,-556.0347,658.13965,1490.941,211.06873,653.0852,1494.4524,-625.68744,664.2098,1483.1418,161.21353,662.5793,1492.3662,-617.1565,664.0425,1476.3055,193.04613,664.6661,1481.9937,-551.186,653.2977,1512.8646,231.20868,632.6107,1511.6261,-231.4366,658.38763,1717.2241,330.47922,622.4866,1721.7122,-119.70638,603.3733,1907.0219,548.6454,581.70514,1929.0371,89.01855,575.174,1933.8999,559.508,550.885,1948.0739,99.06471,653.2157,1973.744,433.9562,640.3976,1979.651,-91.93381
094.jpg,719.6371,1107.5206,-163.59787,707.8894,1088.5576,-139.8023,706.33844,1088.1473,-139.84422,704.45746,1087.9323,-139.7735,705.55817,1088.6782,-211.20331,702.5281,1088.4642,-211.27838,699.18695,1088.5143,-211.60007,680.545,1098.135,1.8848821,674.65485,1099.8365,-319.19238,714.51154,1127.0917,-102.31864,710.932,1126.9347,-194.97797,667.42084,1215.5564,235.0034,636.46436,1206.0226,-479.60342,680.48834,1355.7367,321.55237,624.97095,1357.3745,-568.49915,684.17084,1465.8109,170.2529,662.5365,1480.6277,-568.6905,679.4398,1502.5963,149.66821,658.61957,1513.1466,-637.53595,680.9583,1497.602,98.43628,667.95123,1510.3643,-640.5927,682.3723,1484.0431,138.20404,670.30505,1500.7667,-568.24963,677.75934,1504.3798,219.04378,632.3579,1498.7975,-219.23985,672.3152,1717.3545,289.43298,622.37427,1723.0122,-132.41591,611.6047,1905.357,499.38522,592.9713,1924.4219,68.07359,579.5304,1933.8213,509.53394,566.16376,1947.062,76.198944,653.1633,1980.901,375.53033,641.0743,1988.8312,-127.05585
095.jpg,725.5141,1109.0624,-131.2793,713.23224,1091.1582,-105.86145,711.154,1090.8461,-105.91433,708.853,1090.4595,-105.840965,712.2526,1092.0348,-173.48193,709.6088,1092.218,-173.54437,706.69135,1092.2556,-173.87427,685.52795,1098.369,28.16987,685.26385,1100.3916,-276.37784,720.44,1127.219,-74.34592,718.784,1126.7778,-162.19557,663.0113,1213.0028,224.857,650.1818,1208.0786,-427.92142,667.93176,1352.9832,282.5496,631.22614,1356.6206,-497.438,688.7426,1461.7247,146.31189,673.4152,1474.0337,-459.2066,688.1632,1499.0557,124.969795,668.11237,1506.4755,-519.7873,690.80676,1500.7048,80.8816,677.40753,1504.5059,-519.35126,690.70416,1486.7521,118.57026,680.48254,1494.045,-457.54132,676.73834,1498.2086,200.168,642.07935,1495.464,-200.50816,679.76483,1705.8153,316.58765,637.98596,1716.1353,-82.20233,637.89325,1885.075,557.22656,613.8575,1900.8354,161.8097,613.5689,1907.5188,570.62933,596.2971,1909.5872,176.19838,683.1728,1923.6962,437.60226,654.0054,1921.6676,-12.219875
096.jpg,720.56824,1110.1035,-109.76129,707.46014,1092.6128,-84.97859,705.6522,1092.0371,-84.99733,703.64075,1091.4722,-84.92085,706.373,1093.3842,-151.76115,703.83453,1093.1925,-151.80592,700.8728,1092.9382,-152.10097,680.44653,1099.7191,42.8911,677.9895,1100.56,-258.05637,715.2415,1128.1993,-55.501938,713.2897,1127.6143,-141.89073,659.3972,1211.9507,224.27142,643.9084,1207.9581,-399.69235,655.4108,1350.5533,263.67545,625.894,1361.9634,-455.40964,683.3103,1450.6088,96.97277,667.2385,1469.538,-392.22815,680.6193,1487.0679,66.31558,663.6804,1502.0597,-445.98605,684.8998,1489.651,26.12428,676.1798,1500.055,-448.00903,686.76807,1476.2599,69.59304,678.5446,1489.4312,-390.26523,652.0381,1491.6954,187.47757,659.0312,1492.574,-187.71944,648.5445,1691.3334,267.8387,657.51263,1701.939,-114.45715,621.76605,1880.1781,447.93854,619.64136,1883.5203,85.687004,608.0625,1884.1372,454.09235,603.76654,1887.7269,96.317825,674.2533,1891.3994,323.2584,662.9099,1899.7694,-76.797745
097.jpg,704.8313,1107.8146,-189.78406,692.28534,1089.6884,-163.57768,690.3148,1089.1196,-163.62726,688.07526,1088.7054,-163.54536,691.12994,1090.173,-233.7828,688.70715,1089.9445,-233.87181,685.98114,1089.7874,-234.15796,663.8455,1098.9276,-14.929449,663.0675,1099.7655,-331.09933,698.6806,1127.4053,-126.57291,697.09344,1127.6584,-217.85756,643.7029,1218.7675,213.4467,628.4858,1214.4312,-482.80817,646.98627,1365.1764,276.6593,607.97925,1366.3547,-541.6295,670.2706,1462.725,117.31008,651.60754,1478.012,-480.6257,670.7688,1500.3171,97.462204,649.5648,1510.7919,-542.11707,672.3319,1497.7462,50.5358,660.98096,1506.2944,-543.5836,671.9958,1482.9486,87.30267,662.34955,1495.841,-478.35992,658.7218,1508.71,211.73042,615.2007,1506.6418,-211.92479,650.9873,1713.3545,348.31802,613.2385,1717.1747,-62.05609,606.9436,1905.1044,583.881,597.1293,1927.784,184.61237,577.12866,1936.798,596.7569,567.54114,1952.9298,197.8661,650.72034,1966.1725,465.84305,647.6134,1973.4727,5.2871866
098.jpg,695.33606,1113.2234,-176.09396,683.0177,1094.2592,-150.2771,681.26215,1093.6594,-150.31718,679.1828,1093.1721,-150.22542,681.08966,1094.572,-223.96419,678.2045,1094.2457,-224.05077,674.89874,1093.9843,-224.34166,654.9748,1102.5804,-2.4508016,651.3136,1103.5741,-333.72485,690.2267,1132.3546,-112.52149,687.6936,1132.2913,-208.161,636.4151,1220.0399,238.69003,617.2703,1217.6761,-497.7416,638.0506,1364.9457,313.87363,597.24255,1373.3269,-573.15424,653.094,1470.507,148.62364,643.19257,1491.9651,-535.702,654.17847,1509.5012,131.32942,641.309,1525.1329,-602.13885,656.7506,1508.1317,81.09618,651.9245,1521.3907,-602.72815,655.953,1496.1436,117.02887,653.00134,1512.1464,-533.2916,634.5468,1514.9357,225.08794,599.38477,1511.6002,-225.29797,637.4451,1724.4886,319.70502,598.75354,1731.4832,-109.5237,589.6926,1926.0204,525.27014,583.6788,1945.821,95.09747,560.91693,1954.0922,533.3774,559.87616,1970.5,102.74752,637.947,1987.2083,394.91656,633.36426,1996.8076,-97.727455
099.jpg,687.98505,1112.4404,-173.2891,675.06104,1092.267,-149.04912,673.2196,1091.7993,-149.11868,671.0128,1091.6243,-149.05702,673.1649,1092.2136,-221.85504,670.22046,1091.7166,-221.92867,666.936,1091.5876,-222.23367,647.24744,1102.1509,-8.703379,643.0054,1103.1685,-334.9671,682.2506,1132.347,-111.72017,679.8967,1131.7922,-205.96277,626.1168,1218.6805,233.46599,608.28253,1211.6368,-498.318,625.73975,1367.696,319.68716,590.5775,1370.0376,-593.2425,639.34576,1490.7498,174.94815,637.05884,1488.7692,-602.217,637.7791,1520.3451,164.61134,632.7907,1520.4794,-673.5067,641.2495,1518.3292,109.4727,640.9823,1518.7257,-665.3104,642.13965,1508.3726,142.39513,643.68665,1509.656,-597.5317,628.47174,1512.0345,216.68777,601.495,1510.6399,-216.83545,620.33765,1719.9998,278.18936,590.42664,1726.673,-145.9175,577.01105,1921.8102,482.40616,562.1002,1948.7775,28.254309,548.7354,1950.1616,490.3411,523.52386,1974.1818,34.054893,619.69305,1998.3315,357.875,605.7062,2020.7611,-160.30064
100.jpg,685.3351,1109.8656,-261.16098,672.5726,1088.7234,-234.48795,670.904,1088.3196,-234.52423,668.99567,1087.9147,-234.44075,670.2057,1089.3436,-311.32422,667.33844,1089.3481,-311.44492,664.0037,1089.2653,-311.71796,645.2821,1098.5278,-74.26179,638.53723,1100.8606,-418.82367,680.91296,1131.6289,-191.09232,677.6794,1131.3395,-290.78607,626.2073,1219.1819,194.41762,602.44135,1217.3705,-575.90283,629.68384,1363.9153,293.61877,584.59424,1375.7483,-657.28503,640.1724,1475.9363,131.707,636.4464,1494.1774,-618.6314,637.45715,1511.5201,119.05037,634.78125,1527.3749,-693.6303,642.78564,1505.7703,59.57059,643.39734,1523.6279,-685.8874,640.9149,1495.474,97.016556,644.8333,1513.9115,-612.86273,623.0765,1516.5071,241.64781,589.5423,1516.2843,-241.84622,616.433,1727.4552,408.5663,585.7925,1738.7765,-82.2216,584.63446,1923.863,691.1811,564.76135,1947.0876,166.61844,560.4095,1949.2727,707.8855,537.0809,1978.4851,179.75308,641.7155,1982.5209,576.7881,620.5929,2018.9246,-19.750175
